row_id,base_rank,control_type,signature,tuple_data,max_Q,nontrivial_primes,q61_local_pass,q97_local_pass,q127_local_pass,first_empty_q,low_sections_to_C,low_section_sample,registered_section,branch_map_status,root_section_status,global_transfer_status,claim_level,note
actual_natural_survivor_rank_1780,1780,actual_natural_survivor,"(6,5,3)","A=25,x=6,B=153,y=5,C=4381,z=3",127,7 13 19 31 37 43 61 67 73 79 97 103 109 127,True,False,False,73,0,,none,actual_branch_bound,no_low_section_to_C,local_fail_before_q97,no_claim_upgrade,natürliche Zeile scheitert vor oder bei Q=97
exact_registered_section_rank_1780,1780,exact_registered_section,"(6,5,3)","A=25,x=6,B=153,y=5,C=4381,z=3",127,7 13 19 31 37 43 61 67 73 79 97 103 109 127,True,True,True,0,1,4381,C=4381,synthetic_target_not_branch_bound,low_section_present,positive_control_only,no_claim_upgrade,Sektion wurde eingebaut; validiert nur den Zähler
shifted_registered_section_rank_1780,1780,shifted_registered_section,"(6,5,3)","A=25,x=6,B=153,y=5,C=4381,z=3",127,7 13 19 31 37 43 61 67 73 79 97 103 109 127,True,True,True,0,0,,C_plus_1=4382,synthetic_target_not_branch_bound,no_low_section_to_C,synthetic_local_pass_breaks_branch_binding,no_claim_upgrade,lokaler Pass ist nicht branch-bound
shuffled_branch_map_rank_1780,1780,shuffled_branch_map,"(6,5,3)","A=25,x=6,B=153,y=5,C=4381,z=3",127,7 13 19 31 37 43 61 67 73 79 97 103 109 127,True,True,True,0,0,,q7:rank1781+1;q13:rank3434+2;q19:rank4098+3;q31:rank3658+4;q37:rank1780+5;q43:rank1781+6;q61:rank3434+7;q67:rank4098+8;q73:rank3658+9;q79:rank1780+10;q97:rank1781+11;q103:rank3434+12;q109:rank4098+13;q127:rank3658+14,per_prime_shuffled_not_branch_bound,no_low_section_to_C,synthetic_local_pass_breaks_branch_binding,no_claim_upgrade,lokaler Pass ist nicht branch-bound
actual_natural_survivor_rank_1781,1781,actual_natural_survivor,"(4,5,3)","A=125,x=4,B=153,y=5,C=4381,z=3",127,7 13 19 31 37 43 61 67 73 79 97 103 109 127,True,False,False,73,0,,none,actual_branch_bound,no_low_section_to_C,local_fail_before_q97,no_claim_upgrade,natürliche Zeile scheitert vor oder bei Q=97
exact_registered_section_rank_1781,1781,exact_registered_section,"(4,5,3)","A=125,x=4,B=153,y=5,C=4381,z=3",127,7 13 19 31 37 43 61 67 73 79 97 103 109 127,True,True,True,0,1,4381,C=4381,synthetic_target_not_branch_bound,low_section_present,positive_control_only,no_claim_upgrade,Sektion wurde eingebaut; validiert nur den Zähler
shifted_registered_section_rank_1781,1781,shifted_registered_section,"(4,5,3)","A=125,x=4,B=153,y=5,C=4381,z=3",127,7 13 19 31 37 43 61 67 73 79 97 103 109 127,True,True,True,0,0,,C_plus_1=4382,synthetic_target_not_branch_bound,no_low_section_to_C,synthetic_local_pass_breaks_branch_binding,no_claim_upgrade,lokaler Pass ist nicht branch-bound
shuffled_branch_map_rank_1781,1781,shuffled_branch_map,"(4,5,3)","A=125,x=4,B=153,y=5,C=4381,z=3",127,7 13 19 31 37 43 61 67 73 79 97 103 109 127,True,True,True,0,0,,q7:rank3434+1;q13:rank4098+2;q19:rank3658+3;q31:rank1780+4;q37:rank1781+5;q43:rank3434+6;q61:rank4098+7;q67:rank3658+8;q73:rank1780+9;q79:rank1781+10;q97:rank3434+11;q103:rank4098+12;q109:rank3658+13;q127:rank1780+14,per_prime_shuffled_not_branch_bound,no_low_section_to_C,synthetic_local_pass_breaks_branch_binding,no_claim_upgrade,lokaler Pass ist nicht branch-bound
actual_natural_survivor_rank_3434,3434,actual_natural_survivor,"(6,7,3)","A=166,x=6,B=201,y=7,C=236784,z=3",127,7 13 19 31 37 43 61 67 73 79 97 103 109 127,True,False,False,73,0,,none,actual_branch_bound,no_low_section_to_C,local_fail_before_q97,no_claim_upgrade,natürliche Zeile scheitert vor oder bei Q=97
exact_registered_section_rank_3434,3434,exact_registered_section,"(6,7,3)","A=166,x=6,B=201,y=7,C=236784,z=3",127,7 13 19 31 37 43 61 67 73 79 97 103 109 127,True,True,True,0,1,236784,C=236784,synthetic_target_not_branch_bound,low_section_present,positive_control_only,no_claim_upgrade,Sektion wurde eingebaut; validiert nur den Zähler
shifted_registered_section_rank_3434,3434,shifted_registered_section,"(6,7,3)","A=166,x=6,B=201,y=7,C=236784,z=3",127,7 13 19 31 37 43 61 67 73 79 97 103 109 127,True,True,True,0,0,,C_plus_1=236785,synthetic_target_not_branch_bound,no_low_section_to_C,synthetic_local_pass_breaks_branch_binding,no_claim_upgrade,lokaler Pass ist nicht branch-bound
shuffled_branch_map_rank_3434,3434,shuffled_branch_map,"(6,7,3)","A=166,x=6,B=201,y=7,C=236784,z=3",127,7 13 19 31 37 43 61 67 73 79 97 103 109 127,True,True,True,0,0,,q7:rank4098+1;q13:rank3658+2;q19:rank1780+3;q31:rank1781+4;q37:rank3434+5;q43:rank4098+6;q61:rank3658+7;q67:rank1780+8;q73:rank1781+9;q79:rank3434+10;q97:rank4098+11;q103:rank3658+12;q109:rank1780+13;q127:rank1781+14,per_prime_shuffled_not_branch_bound,no_low_section_to_C,synthetic_local_pass_breaks_branch_binding,no_claim_upgrade,lokaler Pass ist nicht branch-bound
actual_natural_survivor_rank_4098,4098,actual_natural_survivor,"(7,7,3)","A=173,x=7,B=199,y=7,C=257111,z=3",127,7 13 19 31 37 43 61 67 73 79 97 103 109 127,True,False,False,73,0,,none,actual_branch_bound,no_low_section_to_C,local_fail_before_q97,no_claim_upgrade,natürliche Zeile scheitert vor oder bei Q=97
exact_registered_section_rank_4098,4098,exact_registered_section,"(7,7,3)","A=173,x=7,B=199,y=7,C=257111,z=3",127,7 13 19 31 37 43 61 67 73 79 97 103 109 127,True,True,True,0,1,257111,C=257111,synthetic_target_not_branch_bound,low_section_present,positive_control_only,no_claim_upgrade,Sektion wurde eingebaut; validiert nur den Zähler
shifted_registered_section_rank_4098,4098,shifted_registered_section,"(7,7,3)","A=173,x=7,B=199,y=7,C=257111,z=3",127,7 13 19 31 37 43 61 67 73 79 97 103 109 127,True,True,True,0,0,,C_plus_1=257112,synthetic_target_not_branch_bound,no_low_section_to_C,synthetic_local_pass_breaks_branch_binding,no_claim_upgrade,lokaler Pass ist nicht branch-bound
shuffled_branch_map_rank_4098,4098,shuffled_branch_map,"(7,7,3)","A=173,x=7,B=199,y=7,C=257111,z=3",127,7 13 19 31 37 43 61 67 73 79 97 103 109 127,True,True,True,0,0,,q7:rank3658+1;q13:rank1780+2;q19:rank1781+3;q31:rank3434+4;q37:rank4098+5;q43:rank3658+6;q61:rank1780+7;q67:rank1781+8;q73:rank3434+9;q79:rank4098+10;q97:rank3658+11;q103:rank1780+12;q109:rank1781+13;q127:rank3434+14,per_prime_shuffled_not_branch_bound,no_low_section_to_C,synthetic_local_pass_breaks_branch_binding,no_claim_upgrade,lokaler Pass ist nicht branch-bound
actual_natural_survivor_rank_3658,3658,actual_natural_survivor,"(7,7,3)","A=84,x=7,B=223,y=7,C=301671,z=3",127,7 13 19 31 37 43 61 67 73 79 97 103 109 127,True,False,False,97,0,,none,actual_branch_bound,no_low_section_to_C,local_fail_before_q97,no_claim_upgrade,natürliche Zeile scheitert vor oder bei Q=97
exact_registered_section_rank_3658,3658,exact_registered_section,"(7,7,3)","A=84,x=7,B=223,y=7,C=301671,z=3",127,7 13 19 31 37 43 61 67 73 79 97 103 109 127,True,True,True,0,1,301671,C=301671,synthetic_target_not_branch_bound,low_section_present,positive_control_only,no_claim_upgrade,Sektion wurde eingebaut; validiert nur den Zähler
shifted_registered_section_rank_3658,3658,shifted_registered_section,"(7,7,3)","A=84,x=7,B=223,y=7,C=301671,z=3",127,7 13 19 31 37 43 61 67 73 79 97 103 109 127,True,True,True,0,0,,C_plus_1=301672,synthetic_target_not_branch_bound,no_low_section_to_C,synthetic_local_pass_breaks_branch_binding,no_claim_upgrade,lokaler Pass ist nicht branch-bound
shuffled_branch_map_rank_3658,3658,shuffled_branch_map,"(7,7,3)","A=84,x=7,B=223,y=7,C=301671,z=3",127,7 13 19 31 37 43 61 67 73 79 97 103 109 127,True,True,True,0,0,,q7:rank1780+1;q13:rank1781+2;q19:rank3434+3;q31:rank4098+4;q37:rank3658+5;q43:rank1780+6;q61:rank1781+7;q67:rank3434+8;q73:rank4098+9;q79:rank3658+10;q97:rank1780+11;q103:rank1781+12;q109:rank3434+13;q127:rank4098+14,per_prime_shuffled_not_branch_bound,no_low_section_to_C,synthetic_local_pass_breaks_branch_binding,no_claim_upgrade,lokaler Pass ist nicht branch-bound
