rank,A,x,B,y,C,z,rel_gap,log_H,nontrivial_tests,passed,failed,fail_rate,verifier_bits,first_fail_q
1,175,7,243,7,380429,3,3.330031867394e-10,38.547165,45,14,31,0.68888889,69.0681,7
2,116,7,193,7,217276,3,4.044769914497e-10,36.866771,45,19,26,0.57777778,69.0681,19
3,123,7,233,7,335332,3,8.225748152338e-10,38.168629,45,13,32,0.71111111,69.0681,13
4,166,7,247,7,390533,3,1.705499484360e-09,38.625803,45,12,33,0.73333333,69.0681,13
5,198,5,227,6,3422,4,1.734177933523e-09,32.551922,95,32,63,0.66315789,135.2287,5
6,185,6,218,6,52827,3,2.027039275217e-09,32.624333,45,14,31,0.68888889,70.7008,7
7,162,6,85,7,36873,3,2.148436596248e-09,31.545705,45,9,36,0.80000000,69.7797,7
8,244,3,27,6,738,3,2.487888510909e-09,19.811831,45,22,23,0.51111111,68.0869,37
9,192,7,205,7,291752,3,3.201835310969e-09,37.750978,45,22,23,0.51111111,69.0681,7
10,121,7,232,7,331882,3,3.717806347490e-09,38.137604,45,14,31,0.68888889,69.0681,7
11,243,6,121,7,83665,3,4.393929322086e-09,34.003728,45,18,27,0.60000000,69.7797,7
12,153,5,137,6,18848,3,4.419255853534e-09,29.532486,45,21,24,0.53333333,69.7797,13
13,169,7,231,7,339224,3,4.660492070144e-09,38.203248,45,18,27,0.60000000,69.0681,13
14,249,6,233,7,334775,3,4.686309295724e-09,38.163642,45,18,27,0.60000000,69.7797,7
15,158,7,243,7,374419,3,5.033869043479e-09,38.499392,45,10,35,0.77777778,69.0681,7
16,233,7,236,7,427367,3,5.072733096471e-09,38.896195,45,13,32,0.71111111,69.0681,13
17,162,6,197,7,225934,3,5.389086779832e-09,36.983995,45,13,32,0.71111111,69.7797,7
18,195,7,197,7,281203,3,5.525105164009e-09,37.640496,45,21,24,0.53333333,69.0681,13
19,139,7,245,7,377950,3,5.558892368194e-09,38.527552,45,14,31,0.68888889,69.0681,13
20,157,6,161,7,141264,3,5.987086357130e-09,35.575157,45,14,31,0.68888889,69.7797,13
21,145,7,231,7,331550,3,6.245632387374e-09,38.134602,45,20,25,0.55555556,69.0681,7
22,181,7,216,7,304744,3,6.398421263921e-09,37.881682,45,7,38,0.84444444,69.0681,7
23,250,6,243,7,369079,3,6.808068845620e-09,38.456298,45,18,27,0.60000000,69.7797,13
24,75,7,167,6,2433,4,7.052526582955e-09,31.187521,95,38,57,0.60000000,135.2287,5
25,103,7,178,7,179511,3,7.737852550403e-09,36.293975,45,19,26,0.57777778,69.0681,19
26,226,6,151,7,124358,3,7.864459580852e-09,35.192759,45,12,33,0.73333333,69.7797,7
27,171,7,172,7,205898,3,8.090495090924e-09,36.705409,45,18,27,0.60000000,69.0681,31
28,89,6,170,6,29097,3,8.309954753831e-09,30.835171,45,15,30,0.66666667,70.7008,7
29,21,7,100,6,10006,3,8.310032964034e-09,27.632821,45,22,23,0.51111111,69.7797,13
30,214,7,233,7,386721,3,8.367896646325e-09,38.596376,45,11,34,0.75555556,69.0681,13
31,103,6,148,6,22704,3,8.384752328005e-09,30.090889,45,15,30,0.66666667,70.7008,7
32,90,7,239,6,3912,4,8.390207384060e-09,33.087216,95,32,63,0.66315789,135.2287,11
33,206,5,93,7,39266,3,8.400299560454e-09,31.734343,45,14,31,0.68888889,69.7797,19
34,217,7,218,7,358452,3,8.458537363029e-09,38.368650,45,15,30,0.66666667,69.0681,13
35,91,7,148,7,117132,3,9.183863094788e-09,35.013170,45,16,29,0.64444444,69.0681,37
36,108,7,149,7,121685,3,9.330917747875e-09,35.127573,45,15,30,0.66666667,69.0681,7
37,118,5,79,7,2094,4,9.526760888923e-09,30.587326,95,41,54,0.56842105,135.2287,3
38,245,6,134,7,99734,3,1.006201649661e-08,34.530786,45,19,26,0.57777778,69.7797,13
39,99,7,182,7,188593,3,1.013759236649e-08,36.442040,45,19,26,0.57777778,69.0681,19
40,121,7,214,7,275602,3,1.045966595228e-08,37.580139,45,20,25,0.55555556,69.0681,13
41,105,7,206,7,251369,3,1.049999642966e-08,37.304032,45,15,30,0.66666667,69.0681,7
42,221,6,198,7,229241,3,1.077885599879e-08,37.027587,45,16,29,0.64444444,69.7797,7
43,235,6,249,7,390429,3,1.086964011873e-08,38.625004,45,12,33,0.73333333,69.7797,7
44,241,6,177,7,177988,3,1.089801602990e-08,36.268414,45,16,29,0.64444444,69.7797,7
45,182,5,141,6,20048,3,1.108487222019e-08,29.717654,45,12,33,0.73333333,69.7797,31
46,106,7,141,7,107961,3,1.143798554400e-08,34.768576,45,13,32,0.71111111,69.0681,7
47,68,5,71,6,5060,3,1.149325777248e-08,25.587365,45,16,29,0.64444444,69.7797,7
48,187,5,103,7,49761,3,1.163901088898e-08,32.444960,45,13,32,0.71111111,69.7797,13
49,154,7,171,7,184980,3,1.165612433834e-08,36.384009,45,11,34,0.75555556,69.0681,7
50,149,7,204,7,11305,4,1.174487785776e-08,37.332002,95,35,60,0.63157895,133.5002,3
51,173,6,138,7,5595,4,1.177329293094e-08,34.518514,95,33,62,0.65263158,135.2287,7
52,39,7,179,5,6847,3,1.197830481620e-08,26.494698,45,15,30,0.66666667,69.7797,13
53,206,7,247,7,415692,3,1.212344698753e-08,38.813100,45,17,28,0.62222222,69.0681,7
54,208,6,119,7,74824,3,1.237978726758e-08,33.668682,45,14,31,0.68888889,69.7797,13
55,89,7,151,7,122409,3,1.280149925737e-08,35.145370,45,17,28,0.62222222,69.0681,7
56,250,6,237,7,348272,3,1.291785031364e-08,38.282217,45,21,24,0.53333333,69.7797,13
57,163,5,84,7,30942,3,1.296582908559e-08,31.019609,45,15,30,0.66666667,69.7797,7
58,197,6,194,7,218283,3,1.301493893799e-08,36.880643,45,20,25,0.55555556,69.7797,13
59,188,5,213,6,45407,3,1.315354188699e-08,32.170265,45,15,30,0.66666667,69.7797,19
60,204,7,227,7,14626,4,1.330748275028e-08,38.362224,95,34,61,0.64210526,133.5002,3
61,185,6,188,7,202799,3,1.339447804575e-08,36.659912,45,17,28,0.62222222,69.7797,31
62,179,7,246,7,2271,5,1.348643566587e-08,38.639878,22,4,18,0.81818182,48.9288,11
63,108,7,217,7,283681,3,1.374480684698e-08,37.666817,45,18,27,0.60000000,69.0681,7
64,240,6,179,7,8830,4,1.391134448121e-08,36.343641,95,31,64,0.67368421,135.2287,3
65,100,7,169,7,159233,3,1.441454728992e-08,35.934371,45,21,24,0.53333333,69.0681,7
66,160,6,199,7,231306,3,1.444480066849e-08,37.054490,45,15,30,0.66666667,69.7797,7
67,91,6,248,6,61554,3,1.481577367639e-08,33.083010,45,19,26,0.57777778,70.7008,37
68,118,7,249,7,390757,3,1.513855066644e-08,38.627523,45,15,30,0.66666667,69.0681,7
69,71,7,177,7,176000,3,1.514047092177e-08,36.234718,45,17,28,0.62222222,69.0681,7
70,188,4,101,6,10205,3,1.523190311201e-08,27.691899,45,12,33,0.73333333,71.5847,7
71,203,7,206,7,310545,3,1.560859677435e-08,37.938252,45,21,24,0.53333333,69.0681,7
72,241,6,205,7,248854,3,1.562777254357e-08,37.273865,45,16,29,0.64444444,69.7797,7
73,191,5,206,6,42483,3,1.581745085832e-08,31.970578,45,18,27,0.60000000,69.7797,7
74,92,7,171,7,163005,3,1.604388151872e-08,36.004608,45,12,33,0.73333333,69.0681,7
75,187,6,190,6,44782,3,1.665170953080e-08,32.128685,45,13,32,0.71111111,70.7008,7
76,127,7,210,7,264687,3,1.669160804672e-08,37.458910,45,14,31,0.68888889,69.0681,31
77,89,7,206,7,250859,3,1.696019443075e-08,37.297939,45,19,26,0.57777778,69.0681,13
78,199,6,145,7,112128,3,1.710818734054e-08,34.882189,45,13,32,0.71111111,69.7797,19
79,143,5,168,6,28249,3,1.729513472209e-08,30.746440,45,16,29,0.64444444,69.7797,7
80,220,6,103,7,3921,4,1.783836530654e-08,33.096408,95,36,59,0.62105263,135.2287,3
81,184,7,185,7,244169,3,1.831671562349e-08,37.216848,45,10,35,0.77777778,69.0681,7
82,124,7,215,7,278867,3,1.927405529962e-08,37.615471,45,15,30,0.66666667,69.0681,7
83,97,6,250,6,62571,3,1.955509477303e-08,33.132172,45,12,33,0.73333333,70.7008,7
84,223,6,227,7,314750,3,1.957218198633e-08,37.978602,45,9,36,0.80000000,69.7797,7
85,97,7,241,7,361649,3,2.003195780687e-08,38.395288,45,20,25,0.55555556,69.0681,7
86,183,7,202,7,274114,3,2.005942256411e-08,37.563898,45,13,32,0.71111111,69.0681,13
87,106,6,207,6,43105,3,2.017308882221e-08,32.014183,45,20,25,0.55555556,70.7008,7
88,121,4,76,5,1401,3,2.036449388656e-08,21.734825,45,15,30,0.66666667,69.7797,13
89,121,7,246,7,15307,4,2.089822583473e-08,38.544262,95,44,51,0.53684211,133.5002,5
90,158,7,193,7,231663,3,2.135618502688e-08,37.059117,45,19,26,0.57777778,69.0681,31
91,214,6,151,7,123551,3,2.157292423425e-08,35.173228,45,13,32,0.71111111,69.7797,7
92,63,6,230,5,8905,3,2.183081404076e-08,27.283105,45,12,33,0.73333333,69.7797,13
93,67,7,129,7,84368,3,2.233417923015e-08,34.028830,45,14,31,0.68888889,69.0681,13
94,228,6,239,7,354855,3,2.268789437087e-08,38.338394,45,15,30,0.66666667,69.7797,7
95,92,7,177,7,176501,3,2.270755324947e-08,36.243245,45,13,32,0.71111111,69.0681,7
96,145,5,239,5,9450,3,2.272283921734e-08,27.461310,45,12,33,0.73333333,68.9693,7
97,207,6,100,7,56323,3,2.285870261948e-08,32.816575,45,14,31,0.68888889,69.7797,7
98,95,6,239,6,57196,3,2.347469545226e-08,32.862718,45,15,30,0.66666667,70.7008,7
99,209,7,214,7,336118,3,2.349432311131e-08,38.175653,45,10,35,0.77777778,69.0681,7
100,197,5,114,7,63040,3,2.373214106841e-08,33.154574,45,12,33,0.73333333,69.7797,7
101,216,6,205,7,248345,3,2.402325706439e-08,37.267723,45,20,25,0.55555556,69.7797,7
102,138,7,197,7,231882,3,2.407989872073e-08,37.061952,45,15,30,0.66666667,69.0681,13
103,86,7,173,7,167182,3,2.429438120511e-08,36.080515,45,13,32,0.71111111,69.0681,13
104,229,5,90,7,36458,3,2.459299243528e-08,31.511749,45,15,30,0.66666667,69.7797,7
105,28,7,61,6,4021,3,2.479492609564e-08,24.897858,45,15,30,0.66666667,69.7797,19
106,195,7,224,7,339173,3,2.485075170555e-08,38.202797,45,17,28,0.62222222,69.0681,13
107,169,5,125,6,15811,3,2.511210558378e-08,29.005384,45,15,30,0.66666667,69.7797,7
108,210,7,223,7,356832,3,2.522340565542e-08,38.355061,45,15,30,0.66666667,69.0681,13
109,84,6,211,6,44580,3,2.536899571852e-08,32.115122,45,18,27,0.60000000,70.7008,31
110,73,6,71,7,20989,3,2.563025610320e-08,29.855261,45,14,31,0.68888889,69.7797,7
111,127,6,212,6,45626,3,2.606100621232e-08,32.184699,45,16,29,0.64444444,70.7008,7
112,233,6,243,7,368873,3,2.617541541913e-08,38.454623,45,17,28,0.62222222,69.7797,13
113,81,7,131,7,88149,3,2.630331405743e-08,34.160352,45,13,32,0.71111111,69.0681,7
114,137,7,237,7,350081,3,2.634947487976e-08,38.297760,45,17,28,0.62222222,69.0681,7
115,103,7,231,7,327794,3,2.654282894474e-08,38.100422,45,14,31,0.68888889,69.0681,7
116,86,7,227,7,314453,3,2.667137418113e-08,37.975770,45,14,31,0.68888889,69.0681,7
117,74,7,177,7,8594,4,2.683102119217e-08,36.235278,95,34,61,0.64210526,133.5002,3
118,171,6,179,7,180830,3,2.724510341505e-08,36.315938,45,7,38,0.84444444,69.7797,7
119,216,6,191,7,210857,3,2.747245011478e-08,36.776806,45,13,32,0.71111111,69.7797,7
120,71,7,174,7,169130,3,2.771782236296e-08,36.115269,45,12,33,0.73333333,69.0681,13
121,59,6,178,6,31698,3,2.779514093377e-08,31.092027,45,18,27,0.60000000,70.7008,7
122,199,5,105,7,52051,3,2.820814961197e-08,32.579938,45,17,28,0.62222222,69.7797,7
123,141,6,161,7,141145,3,2.825511394198e-08,35.572629,45,10,35,0.77777778,69.7797,13
124,64,7,157,6,2098,4,2.940711967796e-08,30.594959,95,35,60,0.63157895,135.2287,3
125,128,6,157,6,2098,4,2.940711967796e-08,30.594959,95,35,60,0.63157895,134.8721,3
126,217,7,246,7,425757,3,2.941704499342e-08,38.884872,45,19,26,0.57777778,69.0681,37
127,197,5,81,7,28510,3,2.954745588477e-08,30.774031,45,8,37,0.82222222,69.7797,7
128,127,6,244,6,59928,3,2.996611435057e-08,33.002697,45,14,31,0.68888889,70.7008,7
129,167,6,198,7,228638,3,3.020514567575e-08,37.019686,45,18,27,0.60000000,69.7797,7
130,103,7,238,7,351364,3,3.052992215988e-08,38.308734,45,11,34,0.75555556,69.0681,7
131,227,6,192,7,213672,3,3.066492930176e-08,36.816592,45,20,25,0.55555556,69.7797,7
132,172,5,149,6,1825,4,3.079474112499e-08,30.037341,95,30,65,0.68421053,135.2287,3
133,233,6,225,7,308473,3,3.081499362710e-08,37.918169,45,15,30,0.66666667,69.7797,7
134,241,6,229,7,321469,3,3.098087197059e-08,38.041969,45,20,25,0.55555556,69.7797,13
135,187,6,230,7,324250,3,3.284589012696e-08,38.067810,45,17,28,0.62222222,69.7797,19
136,207,5,164,6,27070,3,3.297242056962e-08,30.618544,45,11,34,0.75555556,69.7797,7
137,222,6,125,7,84181,3,3.325772949685e-08,34.022174,45,14,31,0.68888889,69.7797,13
138,243,6,188,7,204134,3,3.358853424529e-08,36.679596,45,15,30,0.66666667,69.7797,19
139,208,6,203,7,242650,3,3.448601595824e-08,37.198126,45,13,32,0.71111111,69.7797,31
140,121,7,160,7,145245,3,3.491978944573e-08,35.658532,45,14,31,0.68888889,69.0681,19
141,158,6,165,6,2445,4,3.549127529266e-08,31.207202,95,42,53,0.55789474,134.8721,5
142,91,6,125,7,78156,3,3.568196736142e-08,33.799386,45,14,31,0.68888889,69.7797,19
143,203,6,211,6,54087,3,3.595222095203e-08,32.695047,45,22,23,0.51111111,70.7008,31
144,53,7,131,7,87208,3,3.597846796723e-08,34.128154,45,18,27,0.60000000,69.0681,7
145,107,6,108,7,55708,3,3.600761853032e-08,32.783637,45,15,30,0.66666667,69.7797,7
146,232,6,245,7,375964,3,3.618322713328e-08,38.511746,45,16,29,0.64444444,69.7797,19
147,171,7,214,7,291735,3,3.632607575179e-08,37.750803,45,19,26,0.57777778,69.0681,19
148,180,6,139,7,101204,3,3.637841281763e-08,34.574681,45,20,25,0.55555556,69.7797,31
149,241,6,201,7,237820,3,3.663607753306e-08,37.137808,45,17,28,0.62222222,69.7797,13
150,161,7,185,7,217016,3,3.664625593152e-08,36.863179,45,19,26,0.57777778,69.0681,7
151,203,6,178,7,178961,3,3.765138846397e-08,36.284770,45,17,28,0.62222222,69.7797,7
152,201,6,128,7,85676,3,3.780169279892e-08,34.074984,45,14,31,0.68888889,69.7797,7
153,74,6,203,6,2894,4,3.810973098844e-08,31.881580,95,35,60,0.63157895,134.8721,3
154,153,6,250,6,63576,3,3.875982323499e-08,33.179974,45,16,29,0.64444444,70.7008,7
155,65,6,93,7,39202,3,3.915687768531e-08,31.729449,45,18,27,0.60000000,69.7797,7
156,123,6,193,6,38063,3,3.944318535977e-08,31.640994,45,17,28,0.62222222,70.7008,7
157,182,7,229,7,340966,3,3.973037613025e-08,38.218614,45,17,28,0.62222222,69.0681,7
158,188,6,165,7,149981,3,4.116450927296e-08,35.754792,45,18,27,0.60000000,69.7797,7
159,149,6,129,7,84596,3,4.139860927036e-08,34.036927,45,13,32,0.71111111,69.7797,7
160,204,6,229,7,321069,3,4.140334768573e-08,38.038234,45,26,19,0.42222222,69.7797,13
161,159,7,218,7,296128,3,4.181347065971e-08,37.795641,45,20,25,0.55555556,69.0681,31
162,131,7,162,7,153124,3,4.215668147685e-08,35.817010,45,24,21,0.46666667,69.0681,31
163,217,6,184,7,193498,3,4.243414953867e-08,36.519067,45,21,24,0.53333333,69.7797,7
164,185,7,199,7,270421,3,4.249503765516e-08,37.523206,45,17,28,0.62222222,69.0681,13
165,81,7,199,7,231344,3,4.263921578384e-08,37.054983,45,16,29,0.64444444,69.0681,13
166,221,6,161,7,142940,3,4.307370786393e-08,35.610541,45,12,33,0.73333333,69.7797,19
167,127,6,91,7,2734,4,4.311850265848e-08,31.654084,95,43,52,0.54736842,135.2287,3
168,193,7,250,7,414101,3,4.341180163520e-08,38.801596,45,16,29,0.64444444,69.0681,7
169,229,7,237,7,421762,3,4.370037114017e-08,38.856589,45,17,28,0.62222222,69.0681,7
170,194,4,235,5,8955,3,4.385899049020e-08,27.299902,45,17,28,0.62222222,69.7797,7
171,87,7,218,7,286175,3,4.455983026172e-08,37.693076,45,15,30,0.66666667,69.0681,7
172,157,7,199,7,245021,3,4.470148149192e-08,37.227298,45,15,30,0.66666667,69.0681,31
173,79,5,219,5,7973,3,4.502267720321e-08,26.951448,45,19,26,0.57777778,68.9693,37
174,111,7,217,7,283831,3,4.552548068476e-08,37.668403,45,17,28,0.62222222,69.0681,13
175,120,6,157,7,133030,3,4.570052026829e-08,35.394990,45,19,26,0.57777778,69.7797,7
176,107,5,211,5,7561,3,4.598467522323e-08,26.792276,45,7,38,0.84444444,68.9693,7
177,195,5,226,6,51112,3,4.607255165699e-08,32.525324,45,17,28,0.62222222,69.7797,19
178,43,7,178,6,31774,3,4.613000844183e-08,31.099211,45,19,26,0.57777778,69.7797,7
179,101,6,187,6,35256,3,4.635511025240e-08,31.411173,45,21,24,0.53333333,70.7008,7
180,212,6,151,7,123436,3,4.640384768539e-08,35.170434,45,19,26,0.57777778,69.7797,7
181,152,6,165,7,149508,3,4.688876950582e-08,35.745316,45,12,33,0.73333333,69.7797,7
182,203,7,227,7,356385,3,4.739483380487e-08,38.351301,45,14,31,0.68888889,69.0681,7
183,106,6,135,7,93547,3,4.749583883589e-08,34.338658,45,16,29,0.64444444,69.7797,7
184,169,6,203,7,242323,3,4.762795186909e-08,37.194080,45,15,30,0.66666667,69.7797,19
185,109,7,153,7,128975,3,4.769068971944e-08,35.302122,45,13,32,0.71111111,69.0681,7
186,130,7,131,7,108846,3,4.840540103559e-08,34.793068,45,14,31,0.68888889,69.0681,7
187,65,6,152,6,23151,3,4.896256738509e-08,30.149380,45,22,23,0.51111111,70.7008,7
188,59,7,130,7,85725,3,4.925870642599e-08,34.076699,45,19,26,0.57777778,69.0681,13
189,147,7,197,7,235123,3,4.957687612975e-08,37.103592,45,16,29,0.64444444,69.0681,13
190,230,6,247,6,72120,3,4.983968055314e-08,33.558260,45,17,28,0.62222222,70.7008,7
191,228,6,161,7,143330,3,4.992145072569e-08,35.618715,45,20,25,0.55555556,69.7797,13
192,79,7,134,7,92637,3,4.999987705783e-08,34.309332,45,20,25,0.55555556,69.0681,7
193,196,7,229,7,353402,3,5.019873347370e-08,38.326084,45,13,32,0.71111111,69.0681,7
194,110,6,119,7,69775,3,5.028195209709e-08,33.459093,45,13,32,0.71111111,69.7797,13
195,216,6,247,7,383020,3,5.040832532061e-08,38.567527,45,20,25,0.55555556,69.7797,7
196,228,6,223,7,302077,3,5.133349421065e-08,37.855312,45,13,32,0.71111111,69.7797,13
197,165,7,167,7,190856,3,5.141303275853e-08,36.477823,45,18,27,0.60000000,69.0681,7
198,221,6,245,7,375871,3,5.168692085499e-08,38.511004,45,17,28,0.62222222,69.7797,13
199,83,7,201,7,236821,3,5.199436495590e-08,37.125180,45,13,32,0.71111111,69.0681,7
200,179,7,226,7,330197,3,5.200292280078e-08,38.122334,45,20,25,0.55555556,69.0681,19
201,71,7,175,6,33566,3,5.244907256484e-08,31.263807,45,13,32,0.71111111,69.7797,13
202,53,7,190,6,36398,3,5.261144158434e-08,31.506807,45,20,25,0.55555556,69.7797,7
203,198,5,139,6,19589,3,5.263629932549e-08,29.648170,45,17,28,0.62222222,69.7797,7
204,204,6,199,7,231650,3,5.284234082442e-08,37.058949,45,15,30,0.66666667,69.7797,7
205,207,6,113,7,67964,3,5.285691134049e-08,33.380200,45,8,37,0.82222222,69.7797,7
206,203,6,244,7,372197,3,5.298167553298e-08,38.481536,45,19,26,0.57777778,69.7797,13
207,221,6,191,7,210969,3,5.304468808337e-08,36.778399,45,12,33,0.73333333,69.7797,7
208,89,7,196,7,223446,3,5.332738797520e-08,36.950775,45,21,24,0.53333333,69.0681,7
209,223,6,248,6,70849,3,5.334300921989e-08,33.504918,45,15,30,0.66666667,70.7008,7
210,129,7,226,7,313148,3,5.357365054338e-08,37.963294,45,17,28,0.62222222,69.0681,7
211,222,5,209,6,43775,3,5.375886854483e-08,32.060454,45,21,24,0.53333333,69.7797,7
212,72,7,245,6,60939,3,5.389335502434e-08,33.052886,45,16,29,0.64444444,69.7797,7
213,37,6,173,5,630,4,5.397080586945e-08,25.782879,95,37,58,0.61052632,135.2287,5
214,69,7,146,7,112439,3,5.405259782671e-08,34.890498,45,14,31,0.68888889,69.0681,7
215,211,6,241,6,65745,3,5.422537051429e-08,33.280617,45,15,30,0.66666667,70.7008,7
216,149,6,168,7,155886,3,5.441373465248e-08,35.870641,45,18,27,0.60000000,69.7797,13
217,243,5,92,7,38402,3,5.452252484198e-08,31.667594,45,20,25,0.55555556,69.7797,7
218,203,6,199,7,231637,3,5.465906437146e-08,37.058780,45,16,29,0.64444444,69.7797,7
219,140,6,103,7,3380,4,5.503108145169e-08,32.502524,95,41,54,0.56842105,135.2287,3
220,143,7,236,7,347594,3,5.576156687078e-08,38.276371,45,15,30,0.66666667,69.0681,13
221,200,6,171,7,163108,3,5.607798419669e-08,36.006504,45,13,32,0.71111111,69.7797,7
222,95,7,164,7,148287,3,5.722725616914e-08,35.720715,45,12,33,0.73333333,69.0681,13
223,244,6,149,7,122571,3,5.735154471881e-08,35.149337,45,14,31,0.68888889,69.7797,7
224,71,7,106,7,54227,3,5.855803346567e-08,32.702803,45,20,25,0.55555556,69.0681,7
225,169,6,185,6,39872,3,5.868252013923e-08,31.780289,45,12,33,0.73333333,70.7008,7
226,118,7,175,7,174844,3,5.878094069679e-08,36.214948,45,18,27,0.60000000,69.0681,31
227,93,7,212,7,268268,3,5.906804880660e-08,37.499225,45,12,33,0.73333333,69.0681,7
228,110,7,183,7,191911,3,5.922240271000e-08,36.494361,45,19,26,0.57777778,69.0681,19
229,187,6,222,7,298577,3,5.929731070556e-08,37.820349,45,16,29,0.64444444,69.7797,19
230,157,7,180,7,203870,3,5.936966138293e-08,36.675713,45,22,23,0.51111111,69.0681,13
231,185,7,216,7,308475,3,5.984708805398e-08,37.918188,45,17,28,0.62222222,69.0681,7
232,137,7,235,7,343374,3,6.001586963776e-08,38.239727,45,11,34,0.75555556,69.0681,13
233,155,6,243,6,60346,3,6.002711424072e-08,33.023550,45,20,25,0.55555556,70.7008,7
234,149,7,229,7,326031,3,6.056114308477e-08,38.084243,45,15,30,0.66666667,69.0681,31
235,123,7,163,7,151584,3,6.067995146604e-08,35.786686,45,16,29,0.64444444,69.0681,19
236,181,6,169,7,158376,3,6.125932035921e-08,35.918182,45,15,30,0.66666667,69.7797,7
237,142,7,197,7,233183,3,6.161549039869e-08,37.078736,45,13,32,0.71111111,69.0681,7
238,182,7,235,7,358809,3,6.199608625997e-08,38.371636,45,18,27,0.60000000,69.0681,7
239,94,7,213,7,271242,3,6.248205077393e-08,37.532300,45,14,31,0.68888889,69.0681,13
240,124,7,245,7,376658,3,6.257170379083e-08,38.517279,45,21,24,0.53333333,69.0681,7
241,198,6,215,7,277183,3,6.264961115910e-08,37.597300,45,15,30,0.66666667,69.7797,13
242,163,7,225,7,318305,3,6.301954617928e-08,38.012296,45,15,30,0.66666667,69.0681,7
243,160,7,167,7,184759,3,6.332160991450e-08,36.380423,45,15,30,0.66666667,69.0681,7
244,219,6,203,7,242816,3,6.351575795571e-08,37.200178,45,19,26,0.57777778,69.7797,13
245,122,7,209,7,261204,3,6.356698867346e-08,37.419171,45,17,28,0.62222222,69.0681,7
246,218,4,243,5,9471,3,6.367156571755e-08,27.467969,45,18,27,0.60000000,69.7797,7
247,226,6,173,7,168348,3,6.372836980917e-08,36.101366,45,14,31,0.68888889,69.7797,13
248,143,7,168,7,170997,3,6.378193222903e-08,36.148204,45,15,30,0.66666667,69.0681,7
249,173,5,202,6,40835,3,6.384988089207e-08,31.851885,45,10,35,0.77777778,69.7797,7
250,177,6,193,6,43521,3,6.385587860265e-08,32.042997,45,19,26,0.57777778,70.7008,7
251,129,7,184,7,197766,3,6.387498816287e-08,36.584519,45,17,28,0.62222222,69.0681,7
252,191,6,243,6,63367,3,6.400102586010e-08,33.170096,45,15,30,0.66666667,70.7008,7
253,212,6,125,7,82798,3,6.441973016469e-08,33.972478,45,18,27,0.60000000,69.7797,13
254,209,5,147,6,21890,3,6.477423919910e-08,29.981356,45,17,28,0.62222222,69.7797,13
255,230,6,239,7,354875,3,6.499561678263e-08,38.338563,45,9,36,0.80000000,69.7797,7
256,173,6,133,7,91376,3,6.543281950414e-08,34.268214,45,18,27,0.60000000,69.7797,13
257,154,5,127,6,336,5,6.595765100693e-08,29.085556,22,4,18,0.81818182,49.7399,11
258,127,6,166,7,151505,3,6.598621144260e-08,35.785122,45,11,34,0.75555556,69.7797,13
259,146,5,123,6,15225,3,6.600995758871e-08,28.892082,45,13,32,0.71111111,69.7797,19
260,140,5,173,6,29949,3,6.606748279287e-08,30.921754,45,16,29,0.64444444,69.7797,31
261,187,7,250,7,410219,3,6.611285180756e-08,38.773339,45,15,30,0.66666667,69.0681,7
262,209,6,151,7,123273,3,6.688323637859e-08,35.166470,45,16,29,0.64444444,69.7797,7
263,197,5,213,6,45417,3,6.690248792089e-08,32.170925,45,17,28,0.62222222,69.7797,7
264,90,7,151,7,122489,3,6.712895895829e-08,35.147330,45,13,32,0.71111111,69.0681,7
265,183,7,242,7,381401,3,6.737438454846e-08,38.554820,45,17,28,0.62222222,69.0681,7
266,221,6,200,7,234629,3,6.769997196077e-08,37.097282,45,22,23,0.51111111,69.7797,7
267,97,7,179,7,181397,3,6.770804088916e-08,36.325330,45,14,31,0.68888889,69.0681,7
268,181,7,248,7,400130,3,6.795117190116e-08,38.698634,45,19,26,0.57777778,69.0681,7
269,56,7,109,7,56932,3,6.796493478772e-08,32.848839,45,15,30,0.66666667,69.0681,7
270,219,5,89,7,35499,3,6.848920392530e-08,31.431779,45,15,30,0.66666667,69.7797,7
271,155,7,206,7,261548,3,6.864938814979e-08,37.423119,45,7,38,0.84444444,69.0681,7
272,155,7,228,7,324527,3,6.878439591946e-08,38.070372,45,13,32,0.71111111,69.0681,7
273,148,6,247,6,61936,3,6.902148131948e-08,33.101571,45,13,32,0.71111111,70.7008,7
274,98,6,93,7,39377,3,6.934644587525e-08,31.742812,45,15,30,0.66666667,69.7797,7
275,138,6,91,7,38838,3,6.958422616052e-08,31.701463,45,23,22,0.48888889,69.7797,37
276,247,6,210,7,263224,3,6.997926979783e-08,37.442282,45,20,25,0.55555556,69.7797,13
277,247,6,250,7,394213,3,7.005951123568e-08,38.653940,45,14,31,0.68888889,69.7797,13
278,187,5,213,6,45406,3,7.033901118643e-08,32.170199,45,21,24,0.53333333,69.7797,7
279,119,6,131,6,19911,3,7.036887524657e-08,29.697083,45,11,34,0.75555556,70.7008,19
280,145,6,166,7,151579,3,7.057304663614e-08,35.786587,45,12,33,0.73333333,69.7797,13
281,106,6,185,6,34624,3,7.059500849425e-08,31.356907,45,16,29,0.64444444,70.7008,7
282,213,7,215,7,345177,3,7.116820398929e-08,38.255438,45,13,32,0.71111111,69.0681,19
283,67,7,168,7,155819,3,7.118870122160e-08,35.869351,45,13,32,0.71111111,69.0681,7
284,41,7,100,7,46446,3,7.135448918409e-08,32.238137,45,21,24,0.53333333,69.0681,13
285,59,6,185,6,34237,3,7.165881261581e-08,31.323187,45,12,33,0.73333333,70.7008,7
286,95,7,176,7,174361,3,7.178740123548e-08,36.206649,45,17,28,0.62222222,69.0681,7
287,222,6,227,7,314739,3,7.182281193623e-08,37.978497,45,19,26,0.57777778,69.7797,7
288,222,6,239,7,354800,3,7.206745126762e-08,38.337929,45,9,36,0.80000000,69.7797,7
289,63,7,110,7,3755,4,7.223684459021e-08,32.923374,95,36,59,0.62105263,133.5002,3
290,39,7,133,6,17834,3,7.241440076665e-08,29.366586,45,18,27,0.60000000,69.7797,7
291,211,6,233,7,334328,3,7.265543258729e-08,38.159633,45,13,32,0.71111111,69.7797,7
292,151,4,174,5,5429,3,7.271837872392e-08,25.798531,45,11,34,0.75555556,69.7797,7
293,129,6,169,6,30332,3,7.277316841734e-08,30.959876,45,18,27,0.60000000,70.7008,7
294,172,7,183,7,224578,3,7.285527320158e-08,36.965935,45,14,31,0.68888889,69.0681,7
295,135,5,86,7,32660,3,7.290763916888e-08,31.181719,45,18,27,0.60000000,69.7797,13
296,238,4,47,7,845,4,7.340853845322e-08,26.957347,95,33,62,0.65263158,135.2287,5
297,136,5,169,6,28580,3,7.347918002162e-08,30.781387,45,16,29,0.64444444,69.7797,13
298,172,7,227,7,328694,3,7.368729733039e-08,38.108648,45,13,32,0.71111111,69.0681,13
299,183,3,190,4,1094,3,7.408320596775e-08,20.992788,45,15,30,0.66666667,69.7797,7
300,198,7,229,7,355573,3,7.413098537275e-08,38.344458,45,21,24,0.53333333,69.0681,19
301,147,7,227,7,319262,3,7.421055936579e-08,38.021302,45,11,34,0.75555556,69.0681,7
302,131,7,185,7,200653,3,7.438509662890e-08,36.627997,45,22,23,0.51111111,69.0681,13
303,188,6,179,7,181025,3,7.446854456661e-08,36.319171,45,12,33,0.73333333,69.7797,7
304,177,6,140,7,102753,3,7.495038128481e-08,34.620250,45,20,25,0.55555556,69.7797,13
305,36,7,53,7,10781,3,7.532827980419e-08,27.856622,45,15,30,0.66666667,69.0681,7
306,151,6,97,7,45250,3,7.618260291638e-08,32.159874,45,15,30,0.66666667,69.7797,13
307,163,6,137,7,97420,3,7.633366215092e-08,34.460360,45,14,31,0.68888889,69.7797,7
308,53,7,229,6,52583,3,7.636447851872e-08,32.610444,45,21,24,0.53333333,69.7797,7
309,237,6,250,7,394106,3,7.637234726845e-08,38.653126,45,13,32,0.71111111,69.7797,13
310,179,7,248,7,399136,3,7.650287603409e-08,38.691172,45,14,31,0.68888889,69.0681,13
311,213,5,206,6,42517,3,7.666450883458e-08,31.972978,45,10,35,0.77777778,69.7797,13
312,240,4,229,5,892,4,7.699960120599e-08,27.173865,95,40,55,0.57894737,135.2287,5
313,177,4,146,5,4068,3,7.746606216303e-08,24.932720,45,16,29,0.64444444,69.7797,13
314,195,6,176,7,174198,3,7.783722647709e-08,36.203844,45,14,31,0.68888889,69.7797,7
315,80,7,173,7,167017,3,7.784211165128e-08,36.077553,45,17,28,0.62222222,69.0681,13
316,167,6,178,7,178457,3,7.802049899459e-08,36.276309,45,19,26,0.57777778,69.7797,7
317,87,7,200,7,234151,3,7.803118330952e-08,37.091164,45,14,31,0.68888889,69.0681,13
318,109,7,239,7,354967,3,7.840480588013e-08,38.339340,45,13,32,0.71111111,69.0681,7
319,234,6,197,7,226884,3,7.841630044565e-08,36.996582,45,11,34,0.75555556,69.7797,7
320,229,6,156,7,133749,3,7.842574850943e-08,35.411161,45,17,28,0.62222222,69.7797,7
321,198,6,175,7,171981,3,7.856705424643e-08,36.165418,45,14,31,0.68888889,69.7797,31
322,196,6,159,7,137960,3,7.888574162304e-08,35.504157,45,11,34,0.75555556,69.7797,7
323,42,5,209,4,1268,3,7.897108690554e-08,21.435588,45,17,28,0.62222222,69.7797,13
324,101,5,115,6,13245,3,7.961926938690e-08,28.474126,45,16,29,0.64444444,69.7797,13
325,146,5,105,6,11204,3,8.101127729511e-08,27.972078,45,19,26,0.57777778,69.7797,13
326,107,7,225,7,308475,3,8.136564456671e-08,37.918188,45,7,38,0.84444444,69.0681,7
327,97,7,250,7,393899,3,8.204196781066e-08,38.651549,45,11,34,0.75555556,69.0681,7
328,241,6,243,7,368961,3,8.269462345469e-08,38.455339,45,15,30,0.66666667,69.7797,19
329,163,7,237,7,355837,3,8.270991918169e-08,38.346684,45,17,28,0.62222222,69.0681,13
330,235,6,218,7,286706,3,8.282714799644e-08,37.698638,45,17,28,0.62222222,69.7797,7
331,199,6,243,7,368633,3,8.283099359949e-08,38.452671,45,15,30,0.66666667,69.7797,13
332,179,5,50,7,9882,3,8.297167468087e-08,27.595411,45,19,26,0.57777778,69.7797,7
333,229,6,204,7,245782,3,8.322261108085e-08,37.236601,45,12,33,0.73333333,69.7797,7
334,179,7,180,7,229008,3,8.337277331969e-08,37.024537,45,17,28,0.62222222,69.0681,7
335,206,7,231,7,370456,3,8.343214811066e-08,38.467470,45,14,31,0.68888889,69.0681,7
336,241,7,250,7,476594,3,8.362097138142e-08,39.223261,45,14,31,0.68888889,69.0681,13
337,203,7,229,7,361474,3,8.383771176924e-08,38.393836,45,21,24,0.53333333,69.0681,7
338,181,7,185,7,239750,3,8.389599587767e-08,37.162056,45,18,27,0.60000000,69.0681,7
339,103,5,101,6,10238,3,8.393525815109e-08,27.701585,45,18,27,0.60000000,69.7797,7
340,180,4,167,5,5078,3,8.442686388586e-08,25.598018,45,22,23,0.51111111,69.7797,13
341,211,6,250,7,393915,3,8.457812378829e-08,38.651671,45,13,32,0.71111111,69.7797,13
342,134,6,165,6,29613,3,8.568235282368e-08,30.887906,45,17,28,0.62222222,70.7008,7
343,151,7,189,7,218310,3,8.568262659367e-08,36.881014,45,14,31,0.68888889,69.0681,7
344,143,7,223,7,305980,3,8.598550285040e-08,37.893825,45,17,28,0.62222222,69.0681,7
345,119,7,205,7,249616,3,8.658366626643e-08,37.283037,45,19,26,0.57777778,69.0681,7
346,224,6,241,7,361765,3,8.660717996737e-08,38.396250,45,11,34,0.75555556,69.7797,7
347,73,7,177,7,176021,3,8.708923754729e-08,36.235076,45,17,28,0.62222222,69.0681,7
348,242,7,243,7,17722,4,8.764623270556e-08,39.130248,95,32,63,0.66315789,133.5002,3
349,137,7,212,7,272129,3,8.772102578395e-08,37.542094,45,16,29,0.64444444,69.0681,13
350,130,7,229,7,322855,3,8.803131258855e-08,38.054876,45,13,32,0.71111111,69.0681,7
351,167,7,168,7,194867,3,8.808672165328e-08,36.540218,45,15,30,0.66666667,69.0681,37
352,117,7,235,7,341653,3,8.836314389235e-08,38.224653,45,19,26,0.57777778,69.0681,7
353,215,6,201,7,237246,3,8.876149186772e-08,37.130559,45,17,28,0.62222222,69.7797,13
354,211,6,128,7,86677,3,8.888776136725e-08,34.109832,45,13,32,0.71111111,69.7797,7
355,89,6,47,7,10012,3,8.937386782628e-08,27.634619,45,16,29,0.64444444,69.7797,13
356,116,7,219,7,290215,3,8.963511265315e-08,37.735132,45,19,26,0.57777778,69.0681,19
357,236,6,211,7,265866,3,8.972520193838e-08,37.472243,45,11,34,0.75555556,69.7797,7
358,167,4,192,4,215,4,8.985606357316e-08,21.482552,95,38,57,0.60000000,139.8957,5
359,123,7,160,7,145971,3,9.023109388748e-08,35.673490,45,17,28,0.62222222,69.0681,7
360,163,7,184,7,216853,3,9.039023651799e-08,36.860925,45,19,26,0.57777778,69.0681,7
361,237,5,203,6,2900,4,9.052574577855e-08,31.889864,95,33,62,0.65263158,135.2287,7
362,227,6,188,7,203580,3,9.082693212469e-08,36.671443,45,17,28,0.62222222,69.7797,13
363,151,6,137,7,97177,3,9.084054715399e-08,34.452868,45,15,30,0.66666667,69.7797,7
364,87,7,212,7,268164,3,9.115146410062e-08,37.498062,45,10,35,0.77777778,69.0681,7
365,98,6,177,6,31627,3,9.218361487825e-08,31.085299,45,13,32,0.71111111,70.7008,13
366,102,7,193,7,216085,3,9.220940848840e-08,36.850281,45,14,31,0.68888889,69.0681,13
367,99,7,224,7,305062,3,9.221261543589e-08,37.884811,45,21,24,0.53333333,69.0681,31
368,212,5,171,6,29407,3,9.229959217526e-08,30.866964,45,16,29,0.64444444,69.7797,7
369,159,6,80,7,33361,3,9.259955567791e-08,31.245428,45,17,28,0.62222222,69.7797,7
370,75,7,194,7,217967,3,9.325456811839e-08,36.876297,45,16,29,0.64444444,69.0681,7
371,209,6,194,7,218457,3,9.347239562221e-08,36.883033,45,13,32,0.71111111,69.7797,19
372,115,7,202,7,240953,3,9.428708355182e-08,37.177072,45,18,27,0.60000000,69.0681,7
373,44,7,223,6,49772,3,9.481512526046e-08,32.445624,45,16,29,0.64444444,69.7797,7
374,169,7,245,7,384678,3,9.520849359783e-08,38.580486,45,17,28,0.62222222,69.0681,13
375,202,6,213,7,271256,3,9.567156638833e-08,37.532455,45,20,25,0.55555556,69.7797,7
376,113,7,234,7,338107,3,9.570803844180e-08,38.193353,45,18,27,0.60000000,69.0681,7
377,97,5,131,6,1500,4,9.571120987654e-08,29.252882,95,44,51,0.53684211,135.2287,3
378,132,7,247,7,384371,3,9.577302757541e-08,38.578091,45,17,28,0.62222222,69.0681,13
379,236,6,169,7,160184,3,9.595356982091e-08,35.952235,45,18,27,0.60000000,69.7797,7
380,249,6,146,7,118224,3,9.617063816769e-08,35.041009,45,13,32,0.71111111,69.7797,13
381,33,7,170,6,28917,3,9.628692007917e-08,30.816555,45,15,30,0.66666667,69.7797,13
382,57,7,232,6,54048,3,9.630582129128e-08,32.692883,45,8,37,0.82222222,69.7797,7
383,88,7,199,7,231456,3,9.707368986216e-08,37.056435,45,16,29,0.64444444,69.0681,19
384,99,7,247,7,383001,3,9.748800106404e-08,38.567379,45,10,35,0.77777778,69.0681,7
385,223,6,175,7,172685,3,9.769669862936e-08,36.177673,45,16,29,0.64444444,69.7797,13
386,149,7,197,7,236007,3,9.795115450919e-08,37.114850,45,13,32,0.71111111,69.0681,7
387,208,7,229,7,368082,3,9.837590705052e-08,38.448183,45,21,24,0.53333333,69.0681,7
388,97,7,104,7,59664,3,9.861622824954e-08,32.989452,45,19,26,0.57777778,69.0681,7
389,54,7,241,6,58213,3,9.877770264983e-08,32.915592,45,14,31,0.68888889,69.7797,13
390,201,6,242,7,2175,5,9.907044405843e-08,38.423920,22,3,19,0.86363636,49.7399,11
391,129,6,71,7,23930,3,9.954556904653e-08,30.248665,45,12,33,0.73333333,69.7797,7
392,148,4,115,5,2741,3,1.005178611202e-07,23.748234,45,18,27,0.60000000,69.7797,19
393,109,7,250,7,394118,3,1.005958258033e-07,38.653217,45,15,30,0.66666667,69.0681,7
394,113,6,245,6,60217,3,1.006176738610e-07,33.017130,45,14,31,0.68888889,70.7008,31
395,154,7,207,7,263711,3,1.008253563481e-07,37.447827,45,16,29,0.64444444,69.0681,7
396,195,6,224,7,304925,3,1.010383988386e-07,37.883463,45,14,31,0.68888889,69.7797,13
397,97,7,246,7,379370,3,1.010690502786e-07,38.538802,45,11,34,0.75555556,69.0681,13
398,83,7,185,6,40661,3,1.012334462917e-07,31.839074,45,13,32,0.71111111,69.7797,13
399,249,6,157,7,137323,3,1.020217407431e-07,35.490273,45,15,30,0.66666667,69.7797,7
400,89,7,223,7,301725,3,1.020310270723e-07,37.851814,45,16,29,0.64444444,69.0681,7
401,192,7,227,7,343914,3,1.029245036351e-07,38.244441,45,12,33,0.73333333,69.0681,13
402,151,5,56,7,12177,3,1.030429048632e-07,28.221913,45,19,26,0.57777778,69.7797,7
403,113,7,195,7,222104,3,1.033421142365e-07,36.932703,45,17,28,0.62222222,69.0681,13
404,206,5,179,6,32161,3,1.034292875692e-07,31.135529,45,21,24,0.53333333,69.7797,19
405,176,6,159,7,137486,3,1.034969862379e-07,35.493832,45,12,33,0.73333333,69.7797,13
406,175,7,193,7,246628,3,1.035048287496e-07,37.246909,45,14,31,0.68888889,69.0681,7
407,98,7,139,7,102894,3,1.037502736422e-07,34.624364,45,19,26,0.57777778,69.0681,13
408,77,7,149,7,6370,4,1.038943090067e-07,35.037419,95,37,58,0.61052632,133.5002,5
409,209,6,206,7,251066,3,1.040756565015e-07,37.300413,45,20,25,0.55555556,69.7797,7
410,184,6,203,7,242411,3,1.043997930246e-07,37.195170,45,17,28,0.62222222,69.7797,13
411,92,7,149,7,119025,3,1.047391752167e-07,35.061267,45,18,27,0.60000000,69.0681,7
412,37,7,197,6,38830,3,1.059110344390e-07,31.700845,45,13,32,0.71111111,69.7797,7
413,190,6,173,7,167328,3,1.059944750107e-07,36.083134,45,14,31,0.68888889,69.7797,13
414,238,5,209,6,43814,3,1.061044860705e-07,32.063126,45,15,30,0.66666667,69.7797,13
415,205,6,217,6,56319,3,1.064847965744e-07,32.816362,45,11,34,0.75555556,70.7008,13
416,204,6,247,7,382953,3,1.065458454818e-07,38.567003,45,16,29,0.64444444,69.7797,7
417,98,7,211,7,265460,3,1.067265116443e-07,37.467658,45,15,30,0.66666667,69.0681,13
418,201,6,185,7,195591,3,1.068083492794e-07,36.551343,45,15,30,0.66666667,69.7797,7
419,236,5,199,6,39756,3,1.068216706921e-07,31.771548,45,13,32,0.71111111,69.7797,7
420,199,6,237,7,347771,3,1.071046420934e-07,38.277898,45,15,30,0.66666667,69.7797,13
421,124,7,133,7,105878,3,1.077166138645e-07,34.710128,45,15,30,0.66666667,69.0681,7
422,167,7,232,7,341419,3,1.080025281551e-07,38.222597,45,20,25,0.55555556,69.0681,13
423,172,4,189,5,6232,3,1.080949007778e-07,26.212358,45,20,25,0.55555556,69.7797,7
424,233,6,169,7,160018,3,1.081878413823e-07,35.949125,45,20,25,0.55555556,69.7797,7
425,105,7,232,7,331157,3,1.082739341302e-07,38.131044,45,18,27,0.60000000,69.0681,13
426,87,6,233,6,54338,3,1.084639885120e-07,32.708937,45,15,30,0.66666667,70.7008,7
427,95,7,233,6,61255,3,1.088038959807e-07,33.068402,45,15,30,0.66666667,69.7797,7
428,177,7,214,7,296237,3,1.088153914121e-07,37.796745,45,17,28,0.62222222,69.0681,19
429,191,7,234,7,362638,3,1.094946519002e-07,38.403481,45,8,37,0.82222222,69.0681,7
430,137,6,77,7,28298,3,1.095361057922e-07,30.751639,45,14,31,0.68888889,69.7797,13
431,72,7,143,7,107226,3,1.096342373466e-07,34.748082,45,12,33,0.73333333,69.0681,7
432,93,7,148,7,117338,3,1.100251562251e-07,35.018442,45,18,27,0.60000000,69.0681,7
433,205,6,112,7,66591,3,1.102543182678e-07,33.318974,45,14,31,0.68888889,69.7797,13
434,115,7,212,7,269218,3,1.103443996743e-07,37.509830,45,15,30,0.66666667,69.0681,7
435,135,6,224,6,50965,3,1.103677870014e-07,32.516683,45,18,27,0.60000000,70.7008,43
436,231,6,148,7,119519,3,1.104919852330e-07,35.073692,45,17,28,0.62222222,69.7797,13
437,182,6,187,7,200272,3,1.107635873052e-07,36.622295,45,20,25,0.55555556,69.7797,7
438,113,6,241,6,58286,3,1.111020690938e-07,32.919352,45,17,28,0.62222222,70.7008,7
439,134,6,175,6,32558,3,1.111394370188e-07,31.172335,45,16,29,0.64444444,70.7008,31
440,150,7,163,7,168284,3,1.112769718411e-07,36.100225,45,18,27,0.60000000,69.0681,7
441,199,7,226,7,348900,3,1.116052902062e-07,38.287622,45,19,26,0.57777778,69.0681,7
442,186,7,209,7,292872,3,1.118475916721e-07,37.762473,45,17,28,0.62222222,69.0681,7
443,173,7,174,7,211544,3,1.119271732934e-07,36.786565,45,14,31,0.68888889,69.0681,7
444,151,6,171,7,162452,3,1.122202101783e-07,35.994414,45,21,24,0.53333333,69.7797,7
445,39,7,58,7,13286,3,1.123244354315e-07,28.483398,45,19,26,0.57777778,69.0681,13
446,84,7,185,7,195273,3,1.129268134243e-07,36.546462,45,16,29,0.64444444,69.0681,7
447,166,7,203,7,260509,3,1.129427309563e-07,37.411178,45,8,37,0.82222222,69.0681,7
448,143,6,191,6,38508,3,1.131125819483e-07,31.675864,45,17,28,0.62222222,70.7008,7
449,234,5,205,6,42157,3,1.133600445120e-07,31.947468,45,12,33,0.73333333,69.7797,19
450,209,6,224,6,59408,3,1.134963855880e-07,32.976553,45,14,31,0.68888889,70.7008,13
451,227,7,228,7,398090,3,1.139251809717e-07,38.683300,45,13,32,0.71111111,69.0681,37
452,209,6,156,7,132605,3,1.140463375796e-07,35.385390,45,14,31,0.68888889,69.7797,7
453,88,7,203,6,48037,3,1.141864419357e-07,32.339180,45,10,35,0.77777778,69.7797,7
454,194,6,115,7,68350,3,1.143478552990e-07,33.397191,45,14,31,0.68888889,69.7797,7
455,121,6,78,7,27459,3,1.143766705703e-07,30.661348,45,17,28,0.62222222,69.7797,7
456,127,7,141,7,117948,3,1.148527081019e-07,35.033997,45,15,30,0.66666667,69.0681,7
457,191,6,175,7,171849,3,1.152221201842e-07,36.163114,45,12,33,0.73333333,69.7797,31
458,136,7,209,7,263424,3,1.154967224613e-07,37.444561,45,15,30,0.66666667,69.0681,7
459,169,6,193,6,42168,3,1.161113145280e-07,31.948251,45,14,31,0.68888889,70.7008,7
460,75,7,134,7,92409,3,1.163584252111e-07,34.301939,45,17,28,0.62222222,69.0681,31
461,166,7,245,7,383630,3,1.168066205732e-07,38.572301,45,15,30,0.66666667,69.0681,7
462,209,6,199,7,231720,3,1.171270811525e-07,37.059855,45,17,28,0.62222222,69.7797,7
463,126,7,187,7,204087,3,1.174525583670e-07,36.678905,45,14,31,0.68888889,69.0681,7
464,231,6,205,7,248617,3,1.177490109406e-07,37.271007,45,15,30,0.66666667,69.7797,7
465,237,5,146,6,21851,3,1.178365351843e-07,29.976006,45,19,26,0.57777778,69.7797,13
466,178,5,151,6,22915,3,1.180215129277e-07,30.118641,45,18,27,0.60000000,69.7797,13
467,163,6,231,6,55472,3,1.180398416872e-07,32.770901,45,21,24,0.53333333,70.7008,61
468,147,6,149,7,117940,3,1.185051678085e-07,35.033794,45,17,28,0.62222222,69.7797,7
469,118,7,243,7,369261,3,1.191987746182e-07,38.457777,45,19,26,0.57777778,69.0681,7
470,207,6,197,7,226329,3,1.192699287237e-07,36.989235,45,14,31,0.68888889,69.7797,7
471,237,6,200,7,234996,3,1.199182913612e-07,37.101971,45,16,29,0.64444444,69.7797,7
472,199,6,233,7,334250,3,1.200664465177e-07,38.158933,45,17,28,0.62222222,69.7797,7
473,206,6,199,7,231677,3,1.203969625585e-07,37.059298,45,20,25,0.55555556,69.7797,7
474,205,7,231,7,369171,3,1.205203076134e-07,38.457046,45,15,30,0.66666667,69.0681,7
475,158,6,143,7,107386,3,1.205635292070e-07,34.752555,45,17,28,0.62222222,69.7797,7
476,249,6,143,7,113474,3,1.209330590050e-07,34.917987,45,17,28,0.62222222,69.7797,7
477,231,6,178,7,179810,3,1.213420761062e-07,36.298968,45,15,30,0.66666667,69.7797,7
478,107,7,178,7,179899,3,1.213917892502e-07,36.300453,45,15,30,0.66666667,69.0681,7
479,162,6,185,7,195173,3,1.214193573759e-07,36.544925,45,13,32,0.71111111,69.7797,7
480,97,5,180,5,5824,3,1.216589006010e-07,26.009228,45,16,29,0.64444444,68.9693,7
481,61,7,144,7,108776,3,1.219271243402e-07,34.791138,45,12,33,0.73333333,69.0681,7
482,210,6,223,7,301877,3,1.219622277874e-07,37.853325,45,17,28,0.62222222,69.7797,13
483,124,6,121,7,72646,3,1.221187077612e-07,33.580061,45,18,27,0.60000000,69.7797,7
484,242,6,237,7,348153,3,1.229925712695e-07,38.281192,45,14,31,0.68888889,69.7797,13
485,173,6,216,7,280050,3,1.232218343407e-07,37.628170,45,16,29,0.64444444,69.7797,13
486,139,5,169,5,660,4,1.235959224940e-07,25.968959,95,39,56,0.58947368,133.2858,3
487,206,7,241,7,397825,3,1.237959769194e-07,38.681302,45,14,31,0.68888889,69.0681,31
488,105,6,109,6,14450,3,1.238016968486e-07,28.735349,45,21,24,0.53333333,70.7008,31
489,143,7,174,7,182232,3,1.240686840016e-07,36.339108,45,22,23,0.51111111,69.0681,7
490,119,7,142,7,114525,3,1.240927740446e-07,34.945645,45,15,30,0.66666667,69.0681,7
491,137,6,146,7,112417,3,1.242509269373e-07,34.889911,45,14,31,0.68888889,69.7797,13
492,110,6,141,6,21275,3,1.243076281007e-07,29.895864,45,16,29,0.64444444,70.7008,7
493,207,6,101,7,57071,3,1.251959458948e-07,32.856154,45,15,30,0.66666667,69.7797,7
494,135,6,227,6,52278,3,1.255601830735e-07,32.592993,45,13,32,0.71111111,70.7008,7
495,182,6,219,7,289237,3,1.260718504741e-07,37.725005,45,15,30,0.66666667,69.7797,7
496,151,6,123,7,75931,3,1.265166822343e-07,33.712741,45,13,32,0.71111111,69.7797,7
497,136,7,219,7,12577,4,1.266637015054e-07,37.758500,95,37,58,0.61052632,133.5002,7
498,235,6,234,7,337912,3,1.267217800522e-07,38.191622,45,18,27,0.60000000,69.7797,7
499,166,6,163,7,145465,3,1.272531573562e-07,35.663072,45,20,25,0.55555556,69.7797,7
500,95,5,232,5,8793,3,1.273080461044e-07,27.245134,45,19,26,0.57777778,68.9693,7
501,183,6,200,7,234150,3,1.281759019010e-07,37.091152,45,15,30,0.66666667,69.7797,7
502,237,6,212,7,268809,3,1.281922712166e-07,37.505269,45,11,34,0.75555556,69.7797,7
503,68,7,129,7,84399,3,1.283058841969e-07,34.029932,45,13,32,0.71111111,69.0681,13
504,171,4,83,6,6895,3,1.283575187073e-07,26.515655,45,14,31,0.68888889,71.5847,7
505,204,7,245,7,407543,3,1.288313079634e-07,38.753705,45,20,25,0.55555556,69.0681,13
506,145,6,122,7,74384,3,1.301038481987e-07,33.650988,45,14,31,0.68888889,69.7797,7
507,57,7,67,7,20013,3,1.302060581147e-07,29.712412,45,14,31,0.68888889,69.0681,7
508,246,5,131,7,87196,3,1.303024000178e-07,34.127741,45,16,29,0.64444444,69.7797,19
509,189,6,226,7,311271,3,1.303265099276e-07,37.945258,45,13,32,0.71111111,69.7797,7
510,113,7,245,7,376151,3,1.303346424051e-07,38.513238,45,14,31,0.68888889,69.0681,13
511,209,6,240,6,64986,3,1.303454157946e-07,33.245781,45,14,31,0.68888889,70.7008,7
512,115,7,236,7,344934,3,1.305346174706e-07,38.253325,45,16,29,0.64444444,69.0681,19
513,77,7,243,6,60545,3,1.305890141067e-07,33.033427,45,18,27,0.60000000,69.7797,31
514,82,7,213,7,271061,3,1.308025686104e-07,37.530298,45,16,29,0.64444444,69.0681,19
515,187,6,148,7,116915,3,1.316927192950e-07,35.007607,45,22,23,0.51111111,69.7797,7
516,208,5,245,6,60061,3,1.318317080674e-07,33.009348,45,15,30,0.66666667,69.7797,7
517,217,6,188,7,203319,3,1.318656463648e-07,36.667594,45,16,29,0.64444444,69.7797,19
518,103,7,130,7,5234,4,1.329256278195e-07,34.251724,95,44,51,0.53684211,133.5002,3
519,97,7,227,7,314608,3,1.330520598057e-07,37.977248,45,15,30,0.66666667,69.0681,7
520,219,6,242,7,365228,3,1.331062820378e-07,38.424831,45,15,30,0.66666667,69.7797,7
521,78,6,239,6,57144,3,1.332192038285e-07,32.859989,45,25,20,0.44444444,70.7008,7
522,236,7,239,7,440230,3,1.332261151519e-07,38.985158,45,16,29,0.64444444,69.0681,13
523,201,4,248,5,9795,3,1.339651119992e-07,27.568882,45,15,30,0.66666667,69.7797,13
524,215,7,249,7,431930,3,1.340616637564e-07,38.928056,45,21,24,0.53333333,69.0681,7
525,53,7,93,7,39439,3,1.343076568551e-07,31.747531,45,17,28,0.62222222,69.0681,31
526,239,6,196,7,224391,3,1.350518796427e-07,36.963436,45,15,30,0.66666667,69.7797,19
527,114,6,127,7,81184,3,1.353989990688e-07,33.913420,45,16,29,0.64444444,69.7797,7
528,97,7,234,7,337656,3,1.357564494490e-07,38.189349,45,14,31,0.68888889,69.0681,7
529,227,6,178,7,179654,3,1.358783671277e-07,36.296364,45,17,28,0.62222222,69.7797,7
530,229,4,134,5,463,4,1.361359342133e-07,24.550908,95,39,56,0.58947368,135.2287,7
531,221,6,241,7,361740,3,1.362961470914e-07,38.396043,45,18,27,0.60000000,69.7797,7
532,107,7,116,7,76243,3,1.363411174441e-07,33.725043,45,16,29,0.64444444,69.0681,13
533,232,6,243,7,368863,3,1.366864799429e-07,38.454542,45,18,27,0.60000000,69.7797,19
534,239,6,210,7,263028,3,1.367120603745e-07,37.440047,45,13,32,0.71111111,69.7797,13
535,207,6,247,7,382968,3,1.367544268250e-07,38.567120,45,11,34,0.75555556,69.7797,7
536,220,6,241,7,361732,3,1.370604979488e-07,38.395977,45,8,37,0.82222222,69.7797,7
537,199,4,85,6,7235,3,1.371760538407e-07,26.660057,45,13,32,0.71111111,71.5847,7
538,82,7,189,7,205193,3,1.372083743980e-07,36.695119,45,13,32,0.71111111,69.0681,7
539,89,7,161,7,141751,3,1.372749027260e-07,35.585482,45,13,32,0.71111111,69.0681,7
540,223,7,228,7,390294,3,1.373157491682e-07,38.623967,45,13,32,0.71111111,69.0681,7
541,233,7,244,7,446093,3,1.377469528510e-07,39.024848,45,11,34,0.75555556,69.0681,13
542,151,7,194,7,229780,3,1.382854027158e-07,37.034633,45,15,30,0.66666667,69.0681,7
543,184,6,183,7,190488,3,1.382859128016e-07,36.472033,45,15,30,0.66666667,69.7797,7
544,148,6,135,7,93892,3,1.384913211183e-07,34.349701,45,12,33,0.73333333,69.7797,7
545,206,6,235,7,341013,3,1.386597257628e-07,38.219028,45,13,32,0.71111111,69.7797,7
546,137,7,194,7,224057,3,1.386895826011e-07,36.958967,45,17,28,0.62222222,69.0681,7
547,213,7,236,7,392928,3,1.386940241411e-07,38.644145,45,16,29,0.64444444,69.0681,13
548,243,6,209,7,260241,3,1.387170824461e-07,37.408090,45,12,33,0.73333333,69.7797,13
549,170,7,247,7,391905,3,1.390192769885e-07,38.636324,45,17,28,0.62222222,69.0681,7
550,166,6,165,7,149636,3,1.392340655183e-07,35.747883,45,12,33,0.73333333,69.7797,7
551,232,6,201,7,237584,3,1.392551018884e-07,37.134830,45,16,29,0.64444444,69.7797,13
552,94,5,167,5,39,7,1.395602966376e-07,25.644932,15,1,14,0.93333333,40.3192,43
553,243,6,232,7,331355,3,1.396507271600e-07,38.132837,45,11,34,0.75555556,69.7797,7
554,119,7,184,7,195555,3,1.400073718392e-07,36.550791,45,13,32,0.71111111,69.0681,7
555,117,7,209,7,260704,3,1.404031898035e-07,37.413423,45,15,30,0.66666667,69.0681,7
556,104,7,227,7,314779,3,1.404325360041e-07,37.978878,45,24,21,0.46666667,69.0681,7
557,215,4,212,5,7550,3,1.404771662449e-07,26.787909,45,15,30,0.66666667,69.7797,13
558,247,6,134,7,100095,3,1.406510655299e-07,34.541625,45,12,33,0.73333333,69.7797,7
559,18,7,227,5,8450,3,1.407787215115e-07,27.125765,45,8,37,0.82222222,69.7797,7
560,131,7,219,7,291709,3,1.410299490293e-07,37.750536,45,21,24,0.53333333,69.0681,13
561,197,6,213,7,271213,3,1.414097067467e-07,37.531979,45,15,30,0.66666667,69.7797,7
562,187,6,193,7,215569,3,1.414341561578e-07,36.843109,45,16,29,0.64444444,69.7797,7
563,239,6,228,7,318191,3,1.415165810410e-07,38.011221,45,18,27,0.60000000,69.7797,7
564,69,6,179,6,32076,3,1.415981512047e-07,31.127590,45,20,25,0.55555556,70.7008,7
565,109,7,234,7,337954,3,1.418636184357e-07,38.191995,45,18,27,0.60000000,69.0681,31
566,217,6,169,7,159291,3,1.424581993116e-07,35.935464,45,18,27,0.60000000,69.7797,19
567,183,6,223,6,54349,3,1.425598694809e-07,32.709544,45,17,28,0.62222222,70.7008,7
568,250,6,189,7,206914,3,1.430709676181e-07,36.720176,45,13,32,0.71111111,69.7797,13
569,158,6,111,7,60657,3,1.435197747900e-07,33.038971,45,17,28,0.62222222,69.7797,19
570,144,7,169,7,173484,3,1.436416951695e-07,36.191522,45,14,31,0.68888889,69.0681,7
571,237,6,238,6,71069,3,1.437746901653e-07,33.514220,45,13,32,0.71111111,70.7008,13
572,166,6,207,7,253581,3,1.437875411653e-07,37.330316,45,23,22,0.48888889,69.7797,7
573,247,6,219,7,289995,3,1.443897305139e-07,37.732857,45,11,34,0.75555556,69.7797,7
574,49,7,227,6,51614,3,1.448596413332e-07,32.554645,45,18,27,0.60000000,69.7797,13
575,180,5,49,7,965,4,1.473465715398e-07,27.488512,95,41,54,0.56842105,135.2287,5
576,107,7,247,6,72915,3,1.475245040118e-07,33.591149,45,17,28,0.62222222,69.7797,7
577,155,7,157,7,1351,5,1.475843080561e-07,36.043002,22,4,18,0.81818182,48.9288,31
578,218,6,151,7,123797,3,1.478120715926e-07,35.179195,45,10,35,0.77777778,69.7797,7
579,143,7,161,7,7966,4,1.480739583209e-07,35.931751,95,36,59,0.62105263,133.5002,5
580,68,7,161,7,141126,3,1.481347871984e-07,35.572225,45,14,31,0.68888889,69.0681,7
581,127,6,163,7,145201,3,1.491430026688e-07,35.657623,45,13,32,0.71111111,69.7797,7
582,167,7,210,7,278639,3,1.494000290958e-07,37.613017,45,16,29,0.64444444,69.0681,19
583,98,6,233,6,54389,3,1.495079435035e-07,32.711752,45,18,27,0.60000000,70.7008,19
584,109,7,242,7,365409,3,1.495082531634e-07,38.426318,45,21,24,0.53333333,69.0681,19
585,80,7,183,7,190324,3,1.496987797147e-07,36.469449,45,11,34,0.75555556,69.0681,7
586,155,7,224,7,312256,3,1.497152705449e-07,37.954736,45,20,25,0.55555556,69.0681,13
587,186,7,205,7,284044,3,1.505796724899e-07,37.670653,45,13,32,0.71111111,69.0681,31
588,212,7,219,7,351442,3,1.507981054339e-07,38.309400,45,15,30,0.66666667,69.0681,7
589,107,6,188,6,35740,3,1.508040434634e-07,31.452077,45,19,26,0.57777778,70.7008,7
590,230,6,151,7,124676,3,1.512604382888e-07,35.200421,45,13,32,0.71111111,69.7797,7
591,167,5,116,6,13691,3,1.519501684466e-07,28.573482,45,21,24,0.53333333,69.7797,19
592,176,6,217,7,283093,3,1.520466395858e-07,37.660592,45,18,27,0.60000000,69.7797,19
593,115,7,164,7,151203,3,1.522397318248e-07,35.779136,45,19,26,0.57777778,69.0681,13
594,110,7,221,7,296033,3,1.525432036961e-07,37.794679,45,14,31,0.68888889,69.0681,7
595,91,6,240,6,57657,3,1.529723911649e-07,32.886801,45,15,30,0.66666667,70.7008,31
596,236,7,247,7,459254,3,1.531973181435e-07,39.112076,45,17,28,0.62222222,69.0681,13
597,142,7,207,7,259374,3,1.532595215164e-07,37.398079,45,12,33,0.73333333,69.0681,13
598,117,7,154,7,133032,3,1.541176280492e-07,35.395035,45,16,29,0.64444444,69.0681,7
599,222,6,235,7,341137,3,1.542395121738e-07,38.220118,45,16,29,0.64444444,69.7797,7
600,104,7,189,7,206034,3,1.544298044689e-07,36.707389,45,22,23,0.51111111,69.0681,13
601,134,6,249,6,62499,3,1.548062560534e-07,33.128718,45,16,29,0.64444444,70.7008,7
602,191,6,126,7,82068,3,1.551041822037e-07,33.945910,45,17,28,0.62222222,69.7797,13
603,240,6,139,7,106078,3,1.551906068509e-07,34.715790,45,16,29,0.64444444,69.7797,19
604,39,7,97,7,43256,3,1.552294796046e-07,32.024674,45,15,30,0.66666667,69.0681,7
605,55,7,92,7,38554,3,1.553483094437e-07,31.679445,45,13,32,0.71111111,69.0681,13
606,65,5,49,7,8791,3,1.557338936533e-07,27.244451,45,14,31,0.68888889,69.7797,7
607,119,6,156,7,131061,3,1.560460314916e-07,35.350254,45,11,34,0.75555556,69.7797,7
608,235,6,119,7,79705,3,1.560827297745e-07,33.858263,45,18,27,0.60000000,69.7797,19
609,103,7,211,7,265631,3,1.565832372033e-07,37.469590,45,14,31,0.68888889,69.0681,13
610,122,6,241,6,58405,3,1.572291090913e-07,32.925470,45,12,33,0.73333333,70.7008,7
611,179,6,146,7,113106,3,1.577828451698e-07,34.908242,45,18,27,0.60000000,69.7797,13
612,164,6,169,7,158167,3,1.578603621067e-07,35.914220,45,15,30,0.66666667,69.7797,7
613,103,7,197,7,226617,3,1.585682754580e-07,36.993050,45,16,29,0.64444444,69.0681,13
614,63,5,142,5,3887,3,1.588345275348e-07,24.796179,45,12,33,0.73333333,68.9693,7
615,129,6,166,7,151511,3,1.592602457151e-07,35.785241,45,11,34,0.75555556,69.7797,13
616,197,6,245,7,375734,3,1.593244861144e-07,38.509910,45,15,30,0.66666667,69.7797,19
617,46,6,85,6,7285,3,1.593383236858e-07,26.680718,45,18,27,0.60000000,70.7008,7
618,197,7,202,7,293328,3,1.598265767847e-07,37.767140,45,15,30,0.66666667,69.0681,13
619,197,6,247,7,382922,3,1.598418051139e-07,38.566760,45,15,30,0.66666667,69.7797,7
620,220,6,223,7,301978,3,1.600468112543e-07,37.854328,45,20,25,0.55555556,69.7797,19
621,149,7,184,7,206228,3,1.601589306867e-07,36.710213,45,16,29,0.64444444,69.0681,7
622,105,7,244,7,15074,4,1.602859920747e-07,38.482907,95,31,64,0.67368421,133.5002,5
623,201,7,203,7,301697,3,1.620801458156e-07,37.851535,45,21,24,0.53333333,69.0681,7
624,140,7,201,7,242774,3,1.621353924929e-07,37.199659,45,14,31,0.68888889,69.0681,7
625,133,5,81,7,28405,3,1.623467722244e-07,30.762961,45,21,24,0.53333333,69.7797,7
626,173,6,219,7,289199,3,1.627144294509e-07,37.724611,45,20,25,0.55555556,69.7797,7
627,111,7,197,7,227165,3,1.627222181239e-07,37.000296,45,17,28,0.62222222,69.0681,13
628,68,5,181,5,5806,3,1.627493441500e-07,25.999941,45,19,26,0.57777778,68.9693,7
629,149,7,228,7,322876,3,1.628201525227e-07,38.055071,45,21,24,0.53333333,69.0681,19
630,242,6,181,7,187247,3,1.634682682517e-07,36.420552,45,19,26,0.57777778,69.7797,13
631,214,6,197,7,226442,3,1.636610180547e-07,36.990732,45,17,28,0.62222222,69.7797,7
632,100,7,227,7,13286,4,1.638787134473e-07,37.977865,95,37,58,0.61052632,133.5002,5
633,169,7,228,7,330090,3,1.638874781742e-07,38.121362,45,15,30,0.66666667,69.0681,7
634,81,7,187,7,200160,3,1.642334049160e-07,36.620617,45,14,31,0.68888889,69.0681,7
635,77,7,174,7,169211,3,1.644690489131e-07,36.116705,45,13,32,0.71111111,69.0681,13
636,157,7,220,7,301088,3,1.648655269170e-07,37.845474,45,14,31,0.68888889,69.0681,31
637,199,6,231,7,327605,3,1.649089922192e-07,38.098692,45,14,31,0.68888889,69.7797,13
638,160,7,229,7,329303,3,1.650916391902e-07,38.114201,45,19,26,0.57777778,69.0681,7
639,174,6,221,7,295396,3,1.656158153344e-07,37.788216,45,17,28,0.62222222,69.7797,7
640,185,7,237,7,366962,3,1.657383231043e-07,38.439041,45,16,29,0.64444444,69.0681,7
641,244,6,227,7,315046,3,1.658294907399e-07,37.981422,45,14,31,0.68888889,69.7797,7
642,174,6,173,7,167098,3,1.661561335890e-07,36.079007,45,21,24,0.53333333,69.7797,13
643,221,6,239,6,67157,3,1.662394691618e-07,33.344365,45,16,29,0.64444444,70.7008,7
644,31,7,113,6,12825,3,1.664380133529e-07,28.377455,45,20,25,0.55555556,69.7797,7
645,109,6,68,7,20328,3,1.664599957233e-07,29.759264,45,14,31,0.68888889,69.7797,13
646,163,7,238,7,359114,3,1.665066554577e-07,38.374185,45,15,30,0.66666667,69.0681,7
647,142,7,217,7,287735,3,1.665393438435e-07,37.709386,45,14,31,0.68888889,69.0681,7
648,125,6,117,7,67235,3,1.667102498825e-07,33.347848,45,15,30,0.66666667,69.7797,19
649,145,7,199,7,239317,3,1.669060062604e-07,37.156633,45,19,26,0.57777778,69.0681,13
650,103,6,214,6,45985,3,1.669233300843e-07,32.208212,45,13,32,0.71111111,70.7008,7
651,171,7,241,7,372038,3,1.673787397254e-07,38.480254,45,19,26,0.57777778,69.0681,13
652,121,7,194,7,220508,3,1.684915366012e-07,36.911068,45,15,30,0.66666667,69.0681,13
653,151,7,199,7,241864,3,1.685374780111e-07,37.188393,45,14,31,0.68888889,69.0681,13
654,163,6,206,7,250724,3,1.690541728178e-07,37.296324,45,13,32,0.71111111,69.7797,7
655,220,7,223,7,374129,3,1.691467970755e-07,38.497068,45,8,37,0.82222222,69.0681,7
656,183,7,250,7,407982,3,1.692253201624e-07,38.756935,45,16,29,0.64444444,69.0681,13
657,198,7,233,7,366457,3,1.696893934504e-07,38.434909,45,12,33,0.73333333,69.0681,7
658,249,5,187,6,35228,3,1.697431530669e-07,31.408789,45,20,25,0.55555556,69.7797,7
659,235,5,129,7,84117,3,1.706895862406e-07,34.019892,45,15,30,0.66666667,69.7797,7
660,137,6,97,7,44380,3,1.709558561602e-07,32.101633,45,16,29,0.64444444,69.7797,13
661,149,7,182,7,202021,3,1.710226500042e-07,36.648381,45,16,29,0.64444444,69.0681,7
662,158,5,93,7,39207,3,1.715192374045e-07,31.729832,45,14,31,0.68888889,69.7797,7
663,144,6,91,7,2790,4,1.720685302036e-07,31.735187,95,34,61,0.64210526,135.2287,5
664,187,6,157,7,133775,3,1.727454591197e-07,35.411744,45,12,33,0.73333333,69.7797,7
665,94,7,197,7,226239,3,1.729409395423e-07,36.988042,45,19,26,0.57777778,69.0681,7
666,184,6,135,7,94950,3,1.732486028612e-07,34.383317,45,19,26,0.57777778,69.7797,7
667,171,6,233,6,56981,3,1.737226163495e-07,32.851419,45,11,34,0.75555556,70.7008,7
668,147,6,188,6,37854,3,1.741317954957e-07,31.624476,45,11,34,0.75555556,70.7008,19
669,89,5,83,6,6928,3,1.742247612168e-07,26.529979,45,12,33,0.73333333,69.7797,7
670,157,6,105,7,53796,3,1.747442757102e-07,32.678863,45,12,33,0.73333333,69.7797,13
671,85,6,196,6,38501,3,1.747747093923e-07,31.675318,45,15,30,0.66666667,70.7008,19
672,208,7,243,7,405903,3,1.748020738843e-07,38.741608,45,17,28,0.62222222,69.0681,7
673,167,7,239,7,363843,3,1.750359895384e-07,38.413433,45,13,32,0.71111111,69.0681,13
674,205,7,219,7,340207,3,1.750659805981e-07,38.211929,45,14,31,0.68888889,69.0681,7
675,179,6,165,7,149814,3,1.756874429153e-07,35.751449,45,14,31,0.68888889,69.7797,7
676,115,7,192,7,214611,3,1.759972957333e-07,36.829747,45,16,29,0.64444444,69.0681,19
677,190,7,201,7,281023,3,1.764428342381e-07,37.638575,45,16,29,0.64444444,69.0681,37
678,105,7,197,7,226732,3,1.765428652992e-07,36.994572,45,16,29,0.64444444,69.0681,19
679,139,6,149,7,117871,3,1.770529263281e-07,35.032038,45,18,27,0.60000000,69.7797,7
680,24,6,145,5,4006,3,1.770925127206e-07,24.886646,45,13,32,0.71111111,69.7797,7
681,203,6,167,7,154564,3,1.777292700231e-07,35.845091,45,17,28,0.62222222,69.7797,19
682,245,6,169,7,8028,4,1.779487950759e-07,35.962763,95,37,58,0.61052632,135.2287,3
683,199,6,215,7,277191,3,1.781231545064e-07,37.597386,45,19,26,0.57777778,69.7797,13
684,113,7,126,7,90428,3,1.782073866172e-07,34.236928,45,17,28,0.62222222,69.0681,31
685,229,7,247,7,446666,3,1.782333753488e-07,39.028699,45,15,30,0.66666667,69.0681,37
686,159,6,193,7,215378,3,1.782702636258e-07,36.840450,45,9,36,0.80000000,69.7797,7
687,99,7,245,7,375816,3,1.784079106766e-07,38.510565,45,12,33,0.73333333,69.0681,13
688,205,6,139,7,102496,3,1.785674195175e-07,34.612737,45,21,24,0.53333333,69.7797,13
689,199,5,191,6,36559,3,1.790963029664e-07,31.520048,45,10,35,0.77777778,69.7797,13
690,244,5,219,6,48086,3,1.791284939328e-07,32.342239,45,16,29,0.64444444,69.7797,13
691,85,7,193,6,43750,3,1.791537140058e-07,32.058741,45,14,31,0.68888889,69.7797,7
692,245,6,188,7,204217,3,1.792348784004e-07,36.680815,45,16,29,0.64444444,69.7797,13
693,127,7,189,7,209138,3,1.793737234275e-07,36.752249,45,14,31,0.68888889,69.0681,13
694,238,4,29,7,2735,3,1.793882826568e-07,23.741660,45,21,24,0.53333333,69.7797,19
695,217,7,236,7,15870,4,1.795235611122e-07,38.688743,95,33,62,0.65263158,133.5002,5
696,170,6,171,7,162607,3,1.797304283897e-07,35.997275,45,11,34,0.75555556,69.7797,7
697,199,7,239,7,384630,3,1.799532686451e-07,38.580111,45,17,28,0.62222222,69.0681,7
698,85,6,199,6,39681,3,1.801537876917e-07,31.765883,45,9,36,0.80000000,70.7008,7
699,201,6,227,7,314558,3,1.802796002734e-07,37.976771,45,15,30,0.66666667,69.7797,7
700,171,4,143,5,3929,3,1.802904409588e-07,24.828421,45,12,33,0.73333333,69.7797,7
701,158,7,217,7,292853,3,1.803999122701e-07,37.762278,45,12,33,0.73333333,69.0681,7
702,217,6,219,7,289508,3,1.811143259147e-07,37.727815,45,19,26,0.57777778,69.7797,7
703,233,5,235,5,11196,3,1.811769889338e-07,27.969936,45,21,24,0.53333333,68.9693,31
704,191,7,207,7,294563,3,1.812462913435e-07,37.779745,45,12,33,0.73333333,69.0681,19
705,161,7,221,7,305642,3,1.815299113933e-07,37.890509,45,13,32,0.71111111,69.0681,7
706,193,6,226,7,311292,3,1.817310235679e-07,37.945460,45,13,32,0.71111111,69.7797,7
707,225,7,242,7,426902,3,1.818521942396e-07,38.892929,45,14,31,0.68888889,69.0681,7
708,91,6,235,6,55287,3,1.820028735277e-07,32.760879,45,16,29,0.64444444,70.7008,31
709,98,5,65,7,16998,3,1.821528222748e-07,29.222553,45,17,28,0.62222222,69.7797,7
710,187,6,152,7,124232,3,1.825687268277e-07,35.189718,45,12,33,0.73333333,69.7797,37
711,243,6,122,7,84724,3,1.829280586454e-07,34.041463,45,13,32,0.71111111,69.7797,7
712,115,6,136,7,95202,3,1.829477061038e-07,34.391269,45,16,29,0.64444444,69.7797,7
713,203,6,124,7,80453,3,1.831355464685e-07,33.886285,45,24,21,0.46666667,69.7797,7
714,202,7,245,7,405567,3,1.835288424331e-07,38.739124,45,16,29,0.64444444,69.0681,19
715,208,5,233,6,54333,3,1.837693468617e-07,32.708661,45,13,32,0.71111111,69.7797,7
716,116,7,211,7,266383,3,1.839943487154e-07,37.478071,45,12,33,0.73333333,69.0681,7
717,239,6,127,7,89597,3,1.841236650044e-07,34.209231,45,14,31,0.68888889,69.7797,7
718,211,6,241,7,361668,3,1.841987097483e-07,38.395446,45,16,29,0.64444444,69.7797,7
719,177,6,128,7,84047,3,1.847294577887e-07,34.017394,45,20,25,0.55555556,69.7797,7
720,220,5,223,5,10218,3,1.847622176006e-07,27.695718,45,15,30,0.66666667,68.9693,7
721,154,6,183,6,2671,4,1.849056531369e-07,31.560833,95,45,50,0.52631579,134.8721,19
722,233,6,208,7,257148,3,1.850434826548e-07,37.372221,45,20,25,0.55555556,69.7797,19
723,217,6,249,7,390289,3,1.851749036086e-07,38.623928,45,19,26,0.57777778,69.7797,7
724,123,6,155,7,129124,3,1.853303195707e-07,35.305585,45,14,31,0.68888889,69.7797,7
725,139,7,186,7,205705,3,1.857043150505e-07,36.702595,45,19,26,0.57777778,69.0681,7
726,183,6,196,6,45509,3,1.859134174590e-07,32.176996,45,20,25,0.55555556,70.7008,13
727,143,7,237,7,350941,3,1.863594795969e-07,38.305120,45,18,27,0.60000000,69.0681,7
728,41,6,244,5,9545,3,1.872549450918e-07,27.491318,45,18,27,0.60000000,69.7797,13
729,213,6,169,7,159146,3,1.875988687293e-07,35.932732,45,12,33,0.73333333,69.7797,7
730,137,5,139,6,19364,3,1.877098465079e-07,29.613513,45,17,28,0.62222222,69.7797,7
731,116,7,217,7,284141,3,1.877403834827e-07,37.671678,45,21,24,0.53333333,69.0681,7
732,224,7,237,7,412708,3,1.878589206481e-07,38.791487,45,16,29,0.64444444,69.0681,13
733,165,6,116,7,67151,3,1.883029135346e-07,33.344097,45,15,30,0.66666667,69.7797,7
734,120,6,139,7,100184,3,1.883582233171e-07,34.544291,45,19,26,0.57777778,69.7797,13
735,139,7,229,7,324050,3,1.884922720498e-07,38.065959,45,15,30,0.66666667,69.0681,7
736,142,5,67,7,18290,3,1.888641396607e-07,29.442329,45,24,21,0.46666667,69.7797,13
737,173,7,225,7,323423,3,1.889682667229e-07,38.060149,45,20,25,0.55555556,69.0681,31
738,188,6,163,7,145830,3,1.889814601462e-07,35.670591,45,15,30,0.66666667,69.7797,7
739,232,5,93,7,39331,3,1.891861324066e-07,31.739305,45,11,34,0.75555556,69.7797,7
740,187,7,247,7,400178,3,1.892365474905e-07,38.698994,45,16,29,0.64444444,69.0681,19
741,111,7,143,7,112673,3,1.895265432662e-07,34.896735,45,14,31,0.68888889,69.0681,7
742,211,6,217,6,57756,3,1.896527851348e-07,32.891948,45,22,23,0.51111111,70.7008,13
743,153,7,230,7,330226,3,1.901002156274e-07,38.122598,45,17,28,0.62222222,69.0681,7
744,207,5,82,7,29360,3,1.903927774208e-07,30.862165,45,14,31,0.68888889,69.7797,13
745,196,6,247,7,382918,3,1.904240382920e-07,38.566728,45,17,28,0.62222222,69.7797,7
746,218,6,229,7,321183,3,1.904536605882e-07,38.039299,45,17,28,0.62222222,69.7797,13
747,242,6,163,7,148246,3,1.907113933451e-07,35.719885,45,23,22,0.48888889,69.7797,7
748,49,7,111,7,3799,4,1.907778481703e-07,32.969973,95,42,53,0.55789474,133.5002,7
749,179,6,225,7,13075,4,1.909374651251e-07,37.913829,95,40,55,0.57894737,135.2287,11
750,175,7,218,7,305189,3,1.916717509192e-07,37.886060,45,19,26,0.57777778,69.0681,13
751,227,5,139,6,1672,4,1.916740158030e-07,29.687103,95,36,59,0.62105263,135.2287,5
752,92,7,97,7,51499,3,1.918048194168e-07,32.547953,45,19,26,0.57777778,69.0681,43
753,197,6,227,6,58016,3,1.921923600467e-07,32.905422,45,16,29,0.64444444,70.7008,7
754,171,6,217,6,50582,3,1.921950987305e-07,32.494053,45,17,28,0.62222222,70.7008,61
755,221,7,229,7,388801,3,1.926597531054e-07,38.612469,45,17,28,0.62222222,69.0681,7
756,211,6,222,7,298747,3,1.929311397843e-07,37.822057,45,18,27,0.60000000,69.7797,13
757,173,6,197,7,225991,3,1.929780285026e-07,36.984751,45,13,32,0.71111111,69.7797,7
758,158,7,249,7,395373,3,1.936712850969e-07,38.662755,45,13,32,0.71111111,69.0681,13
759,89,7,216,7,280124,3,1.936896564720e-07,37.628963,45,16,29,0.64444444,69.0681,7
760,50,7,211,6,44652,3,1.939075435693e-07,32.119963,45,14,31,0.68888889,69.7797,7
761,169,6,90,7,41433,3,1.939150585108e-07,31.895499,45,18,27,0.60000000,69.7797,19
762,149,7,236,7,348715,3,1.939476541828e-07,38.286031,45,15,30,0.66666667,69.0681,19
763,199,7,217,7,327158,3,1.941271464638e-07,38.094596,45,20,25,0.55555556,69.0681,7
764,116,7,235,7,341603,3,1.941510559095e-07,38.224214,45,17,28,0.62222222,69.0681,19
765,41,7,209,6,43715,3,1.949588982365e-07,32.056340,45,17,28,0.62222222,69.7797,19
766,6,7,215,3,217,3,1.957270246077e-07,16.139692,45,13,32,0.71111111,69.7797,7
767,137,7,188,7,209586,3,1.958952210846e-07,36.758668,45,10,35,0.77777778,69.0681,7
768,180,6,211,7,265210,3,1.966211469662e-07,37.464832,45,12,33,0.73333333,69.7797,7
769,245,6,176,7,175952,3,1.970968933089e-07,36.233900,45,18,27,0.60000000,69.7797,19
770,159,5,74,7,23054,3,1.972071204306e-07,30.136784,45,14,31,0.68888889,69.7797,19
771,210,5,221,6,48898,3,1.972404465115e-07,32.392475,45,13,32,0.71111111,69.7797,13
772,145,5,88,7,34463,3,1.975676577693e-07,31.342925,45,16,29,0.64444444,69.7797,13
773,85,6,231,5,10115,3,1.981827642118e-07,27.665324,45,12,33,0.73333333,69.7797,13
774,164,6,211,7,265141,3,1.988420349802e-07,37.464051,45,17,28,0.62222222,69.7797,7
775,81,7,205,7,247919,3,1.988807784990e-07,37.262572,45,14,31,0.68888889,69.0681,19
776,55,5,111,5,2589,3,1.992063730006e-07,23.577081,45,14,31,0.68888889,68.9693,7
777,113,7,159,7,141019,3,1.992763571666e-07,35.569950,45,19,26,0.57777778,69.0681,19
778,118,7,229,7,321864,3,1.992901095268e-07,38.045653,45,18,27,0.60000000,69.0681,7
779,139,5,146,6,21354,3,1.995083582532e-07,29.906983,45,13,32,0.71111111,69.7797,13
780,181,6,191,7,210358,3,1.995176382058e-07,36.769698,45,17,28,0.62222222,69.7797,7
781,225,6,157,7,135376,3,1.995208509367e-07,35.447434,45,12,33,0.73333333,69.7797,7
782,183,5,178,6,31752,3,1.996636381651e-07,31.097133,45,14,31,0.68888889,69.7797,7
783,123,7,239,7,355609,3,1.998526717399e-07,38.344761,45,13,32,0.71111111,69.0681,7
784,91,7,118,7,71805,3,1.998591359335e-07,33.545128,45,19,26,0.57777778,69.0681,31
785,183,6,245,6,63316,3,2.005830658211e-07,33.167680,45,17,28,0.62222222,70.7008,43
786,186,7,227,7,338425,3,2.006129377195e-07,38.196173,45,11,34,0.75555556,69.0681,13
787,139,7,142,7,129400,3,2.009011482952e-07,35.311991,45,16,29,0.64444444,69.0681,19
788,209,6,178,7,179100,3,2.012864697200e-07,36.287099,45,15,30,0.66666667,69.7797,7
789,182,4,85,6,7232,3,2.013685291680e-07,26.658813,45,19,26,0.57777778,71.5847,19
790,156,6,179,7,180722,3,2.013806241266e-07,36.314146,45,12,33,0.73333333,69.7797,7
791,133,6,157,7,133078,3,2.018005760510e-07,35.396072,45,18,27,0.60000000,69.7797,7
792,126,7,209,7,261701,3,2.021221873860e-07,37.424874,45,15,30,0.66666667,69.0681,13
793,190,7,191,7,263099,3,2.021258264339e-07,37.440857,45,18,27,0.60000000,69.0681,7
794,182,7,215,7,303117,3,2.023889256261e-07,37.865622,45,18,27,0.60000000,69.0681,7
795,119,7,208,7,11449,4,2.026743114847e-07,37.382631,95,35,60,0.63157895,133.5002,7
796,187,6,232,7,330859,3,2.026877002022e-07,38.128343,45,16,29,0.64444444,69.7797,7
797,221,6,240,7,358256,3,2.027098814436e-07,38.367009,45,14,31,0.68888889,69.7797,7
798,88,7,191,7,210401,3,2.030672721530e-07,36.770312,45,16,29,0.64444444,69.0681,13
799,158,5,185,6,34253,3,2.032172375152e-07,31.324588,45,15,30,0.66666667,69.7797,7
800,159,7,238,7,14631,4,2.034986122750e-07,38.363591,95,30,65,0.68421053,133.5002,7
801,81,7,185,7,195215,3,2.039010492471e-07,36.545570,45,7,38,0.84444444,69.0681,13
802,220,6,149,7,120365,3,2.040217672254e-07,35.094852,45,17,28,0.62222222,69.7797,7
803,109,7,214,7,274735,3,2.040337732464e-07,37.570687,45,17,28,0.62222222,69.0681,13
804,89,6,97,7,43320,3,2.041806795733e-07,32.029109,45,13,32,0.71111111,69.7797,13
805,145,6,204,6,43333,3,2.042127544411e-07,32.030009,45,17,28,0.62222222,70.7008,7
806,41,7,177,6,31395,3,2.049903641317e-07,31.063212,45,13,32,0.71111111,69.7797,13
807,109,7,182,7,189429,3,2.055721863459e-07,36.455309,45,15,30,0.66666667,69.0681,7
808,177,6,149,7,118433,3,2.059607755916e-07,35.046308,45,16,29,0.64444444,69.7797,7
809,181,6,209,7,259398,3,2.061776529446e-07,37.398357,45,18,27,0.60000000,69.7797,13
810,167,5,72,7,21659,3,2.062610504447e-07,29.949529,45,20,25,0.55555556,69.7797,19
811,65,7,137,7,96931,3,2.063170306040e-07,34.445264,45,22,23,0.51111111,69.0681,13
812,225,6,247,7,383084,3,2.065572804569e-07,38.568029,45,15,30,0.66666667,69.7797,7
813,188,6,217,7,283153,3,2.070296432513e-07,37.661228,45,13,32,0.71111111,69.7797,19
814,83,6,172,6,29708,3,2.075131529682e-07,30.897515,45,10,35,0.77777778,70.7008,7
815,171,6,212,7,268105,3,2.075543408732e-07,37.497402,45,15,30,0.66666667,69.7797,7
816,229,6,131,7,93074,3,2.077523708431e-07,34.323450,45,15,30,0.66666667,69.7797,19
817,211,6,212,7,268398,3,2.079750412498e-07,37.500679,45,21,24,0.53333333,69.7797,7
818,85,7,222,7,298537,3,2.080214453380e-07,37.819947,45,20,25,0.55555556,69.0681,13
819,136,7,179,7,188975,3,2.080374066113e-07,36.448110,45,13,32,0.71111111,69.0681,13
820,140,7,233,7,337184,3,2.086559627177e-07,38.185152,45,16,29,0.64444444,69.0681,7
821,239,6,163,7,148026,3,2.092071460120e-07,35.715430,45,12,33,0.73333333,69.7797,7
822,218,5,175,6,30799,3,2.093496586308e-07,31.005713,45,20,25,0.55555556,69.7797,13
823,183,6,148,7,116788,3,2.096521444327e-07,35.004347,45,17,28,0.62222222,69.7797,7
824,225,4,67,6,4531,3,2.096617634143e-07,25.256094,45,12,33,0.73333333,71.5847,7
825,149,7,202,7,248545,3,2.097273105574e-07,37.270138,45,20,25,0.55555556,69.0681,19
826,153,7,227,7,320822,3,2.105112021982e-07,38.035925,45,21,24,0.53333333,69.0681,7
827,179,6,220,7,292310,3,2.106003930239e-07,37.756710,45,10,35,0.77777778,69.7797,7
828,123,7,140,7,113962,3,2.113527543161e-07,34.930861,45,14,31,0.68888889,69.0681,7
829,219,5,175,6,30803,3,2.120016106729e-07,31.006102,45,19,26,0.57777778,69.7797,7
830,224,7,239,7,417629,3,2.120325080510e-07,38.827046,45,17,28,0.62222222,69.0681,13
831,97,7,207,7,253891,3,2.121557948701e-07,37.333981,45,18,27,0.60000000,69.0681,7
832,175,7,221,7,313375,3,2.125856563361e-07,37.965468,45,16,29,0.64444444,69.0681,7
833,226,6,247,7,383092,3,2.128562688713e-07,38.568091,45,15,30,0.66666667,69.7797,7
834,216,6,199,7,231833,3,2.129772139699e-07,37.061318,45,15,30,0.66666667,69.7797,7
835,149,7,248,7,390021,3,2.131597155999e-07,38.621868,45,14,31,0.68888889,69.0681,7
836,122,7,237,7,348706,3,2.133113746893e-07,38.285953,45,15,30,0.66666667,69.0681,7
837,227,7,244,7,435416,3,2.140998814002e-07,38.952172,45,19,26,0.57777778,69.0681,7
838,76,7,185,7,195143,3,2.146358424495e-07,36.544464,45,14,31,0.68888889,69.0681,7
839,249,6,206,7,251883,3,2.148624239619e-07,37.310160,45,18,27,0.60000000,69.7797,7
840,134,6,119,7,70049,3,2.150280258554e-07,33.470851,45,13,32,0.71111111,69.7797,19
841,221,6,201,7,237351,3,2.153888339981e-07,37.131886,45,21,24,0.53333333,69.7797,13
842,189,7,200,7,277696,3,2.156949152515e-07,37.602847,45,15,30,0.66666667,69.0681,7
843,155,5,184,6,33882,3,2.165270172451e-07,31.291918,45,15,30,0.66666667,69.7797,7
844,229,6,219,7,12486,4,2.166326585134e-07,37.729453,95,32,63,0.66315789,135.2287,7
845,187,6,166,7,152063,3,2.171582084570e-07,35.796151,45,10,35,0.77777778,69.7797,13
846,213,6,250,7,393926,3,2.171940344380e-07,38.651755,45,14,31,0.68888889,69.7797,13
847,190,5,117,6,14116,3,2.172683781599e-07,28.665193,45,13,32,0.71111111,69.7797,7
848,146,6,245,6,60908,3,2.174551168852e-07,33.051359,45,19,26,0.57777778,70.7008,31
849,241,6,242,6,73483,3,2.174601540704e-07,33.614428,45,16,29,0.64444444,70.7008,7
850,193,6,244,7,372153,3,2.176481871547e-07,38.481181,45,18,27,0.60000000,69.7797,13
851,192,6,149,7,118891,3,2.182177980237e-07,35.057887,45,17,28,0.62222222,69.7797,7
852,227,6,166,7,153407,3,2.182879771509e-07,35.822549,45,14,31,0.68888889,69.7797,13
853,164,6,179,7,8767,4,2.186289709662e-07,36.315000,95,41,54,0.56842105,135.2287,7
854,78,7,115,7,65698,3,2.188311288400e-07,33.278471,45,16,29,0.64444444,69.0681,7
855,224,5,151,6,23157,3,2.193507737383e-07,30.150157,45,16,29,0.64444444,69.7797,19
856,117,5,248,5,9865,3,2.194690414567e-07,27.590245,45,17,28,0.62222222,68.9693,19
857,95,7,231,7,327629,3,2.194764974377e-07,38.098911,45,9,36,0.80000000,69.0681,7
858,141,7,187,7,208809,3,2.196206803155e-07,36.747526,45,10,35,0.77777778,69.0681,13
859,62,7,115,7,64595,3,2.196773136893e-07,33.227677,45,8,37,0.82222222,69.0681,7
860,244,6,237,7,348181,3,2.197181828541e-07,38.281433,45,19,26,0.57777778,69.7797,13
861,100,6,177,6,31665,3,2.198557613731e-07,31.088902,45,21,24,0.53333333,70.7008,7
862,221,6,142,7,108596,3,2.200925097239e-07,34.786170,45,13,32,0.71111111,69.7797,7
863,47,6,113,6,12791,3,2.206365295869e-07,28.369491,45,17,28,0.62222222,70.7008,7
864,209,6,128,7,86459,3,2.212442964125e-07,34.102277,45,9,36,0.80000000,69.7797,7
865,249,6,214,7,274980,3,2.212891086429e-07,37.573361,45,18,27,0.60000000,69.7797,7
866,191,6,204,7,245253,3,2.213723829176e-07,37.230137,45,13,32,0.71111111,69.7797,7
867,232,6,217,7,283617,3,2.214177620650e-07,37.666140,45,12,33,0.73333333,69.7797,37
868,58,6,107,6,11545,3,2.214506674572e-07,28.062023,45,19,26,0.57777778,70.7008,7
869,199,6,178,7,178879,3,2.219220749257e-07,36.283395,45,8,37,0.82222222,69.7797,7
870,229,6,126,7,917,5,2.220043844026e-07,34.105537,22,4,18,0.81818182,49.7399,41
871,100,7,217,7,283385,3,2.226805821744e-07,37.663685,45,17,28,0.62222222,69.0681,7
872,224,5,111,7,59267,3,2.230826700501e-07,32.969424,45,16,29,0.64444444,69.7797,13
873,149,5,94,7,40191,3,2.234577521921e-07,31.804195,45,16,29,0.64444444,69.7797,19
874,93,7,232,7,330912,3,2.236221604141e-07,38.128823,45,16,29,0.64444444,69.0681,7
875,181,7,192,7,251894,3,2.236300213772e-07,37.310291,45,16,29,0.64444444,69.0681,7
876,204,6,113,7,4187,4,2.238559883781e-07,33.358959,95,37,58,0.61052632,135.2287,3
877,183,4,211,5,7485,3,2.240449906035e-07,26.761969,45,18,27,0.60000000,69.7797,7
878,156,6,199,6,42454,3,2.241186851614e-07,31.968529,45,18,27,0.60000000,70.7008,7
879,219,5,235,6,55280,3,2.247141310774e-07,32.760499,45,18,27,0.60000000,69.7797,7
880,122,7,215,7,278659,3,2.250104678057e-07,37.613232,45,18,27,0.60000000,69.0681,19
881,166,6,237,6,58298,3,2.251538435175e-07,32.919969,45,18,27,0.60000000,70.7008,7
882,181,7,229,7,340247,3,2.251694461837e-07,38.212281,45,13,32,0.71111111,69.0681,7
883,188,6,193,7,215579,3,2.253301706826e-07,36.843248,45,11,34,0.75555556,69.7797,7
884,155,5,129,6,16748,3,2.253433124700e-07,29.178102,45,17,28,0.62222222,69.7797,7
885,117,7,199,7,233058,3,2.253879117376e-07,37.077128,45,15,30,0.66666667,69.0681,13
886,246,6,145,7,116207,3,2.254472669626e-07,34.989385,45,17,28,0.62222222,69.7797,19
887,43,7,145,6,21228,3,2.255274510241e-07,29.889229,45,15,30,0.66666667,69.7797,7
888,223,6,231,7,327794,3,2.258710159502e-07,38.100422,45,17,28,0.62222222,69.7797,13
889,214,6,169,7,159181,3,2.261828380866e-07,35.933392,45,13,32,0.71111111,69.7797,7
890,116,6,243,6,59281,3,2.262419902995e-07,32.970132,45,13,32,0.71111111,70.7008,7
891,160,6,203,7,242286,3,2.262668341037e-07,37.193622,45,22,23,0.51111111,69.7797,13
892,37,7,202,6,40823,3,2.264539679581e-07,31.851003,45,18,27,0.60000000,69.7797,7
893,161,6,199,7,231310,3,2.265356946221e-07,37.054542,45,11,34,0.75555556,69.7797,7
894,185,7,186,7,247268,3,2.270119043432e-07,37.254684,45,15,30,0.66666667,69.0681,13
895,203,5,220,6,48449,3,2.270255682808e-07,32.364801,45,17,28,0.62222222,69.7797,13
896,93,7,167,7,154427,3,2.270593938062e-07,35.842430,45,19,26,0.57777778,69.0681,31
897,229,6,130,7,91724,3,2.270966861466e-07,34.279618,45,15,30,0.66666667,69.7797,7
898,140,4,67,6,549,4,2.271182071910e-07,25.232394,95,37,58,0.61052632,135.5748,3
899,228,6,221,7,295826,3,2.271804548200e-07,37.792580,45,13,32,0.71111111,69.7797,7
900,173,7,186,7,231083,3,2.274434102157e-07,37.051597,45,17,28,0.62222222,69.0681,7
901,139,7,210,7,266903,3,2.283509126988e-07,37.483922,45,13,32,0.71111111,69.0681,13
902,190,7,197,7,273479,3,2.284093559705e-07,37.556940,45,15,30,0.66666667,69.0681,7
903,244,6,249,6,76595,3,2.287132739929e-07,33.738861,45,18,27,0.60000000,70.7008,7
904,92,7,189,7,205437,3,2.291037252950e-07,36.698684,45,16,29,0.64444444,69.0681,13
905,197,5,56,7,12649,3,2.298423479451e-07,28.336000,45,17,28,0.62222222,69.7797,13
906,55,6,41,7,6059,3,2.298515584443e-07,26.127900,45,12,33,0.73333333,69.7797,19
907,151,7,208,7,265115,3,2.298863845744e-07,37.463757,45,17,28,0.62222222,69.0681,7
908,142,7,175,7,183617,3,2.299443170459e-07,36.361822,45,16,29,0.64444444,69.0681,7
909,99,5,200,5,6907,3,2.302086139076e-07,26.520872,45,16,29,0.64444444,68.9693,7
910,83,6,200,6,40068,3,2.304020601504e-07,31.795000,45,13,32,0.71111111,70.7008,7
911,162,7,217,7,294669,3,2.307182476610e-07,37.780824,45,13,32,0.71111111,69.0681,13
912,125,6,136,6,21646,3,2.307754463536e-07,29.947728,45,18,27,0.60000000,70.7008,7
913,244,6,203,7,243384,3,2.315647713091e-07,37.207187,45,17,28,0.62222222,69.7797,13
914,139,5,110,6,12217,3,2.316411932414e-07,28.231751,45,19,26,0.57777778,69.7797,13
915,181,5,59,7,306,5,2.318581418270e-07,28.617926,22,5,17,0.77272727,49.7399,11
916,201,6,164,7,148228,3,2.318594169642e-07,35.719521,45,14,31,0.68888889,69.7797,7
917,200,7,223,7,342633,3,2.320333739971e-07,38.233246,45,14,31,0.68888889,69.0681,7
918,95,6,204,6,41757,3,2.320910733260e-07,31.918867,45,16,29,0.64444444,70.7008,7
919,247,5,132,6,18380,3,2.327137308501e-07,29.457055,45,13,32,0.71111111,69.7797,7
920,93,7,115,7,68836,3,2.328629950562e-07,33.418446,45,13,32,0.71111111,69.0681,7
921,123,7,176,7,178181,3,2.330236982591e-07,36.271665,45,13,32,0.71111111,69.0681,7
922,197,7,242,7,391754,3,2.337813264329e-07,38.635168,45,16,29,0.64444444,69.0681,7
923,164,6,197,7,225943,3,2.338415873084e-07,36.984114,45,17,28,0.62222222,69.7797,7
924,169,5,205,6,42051,3,2.339865455773e-07,31.939915,45,19,26,0.57777778,69.7797,7
925,83,5,223,5,8220,3,2.340855832189e-07,27.042976,45,12,33,0.73333333,68.9693,7
926,213,7,220,7,355253,3,2.343195375804e-07,38.341756,45,16,29,0.64444444,69.0681,13
927,67,6,74,7,23047,3,2.344135427285e-07,30.135873,45,18,27,0.60000000,69.7797,7
928,220,6,131,7,91872,3,2.347227546121e-07,34.284455,45,16,29,0.64444444,69.7797,13
929,181,7,223,7,323288,3,2.349252182461e-07,38.058897,45,13,32,0.71111111,69.0681,7
930,147,6,191,7,210169,3,2.350236255532e-07,36.767002,45,17,28,0.62222222,69.7797,7
931,223,6,238,7,351364,3,2.354782523661e-07,38.308734,45,16,29,0.64444444,69.7797,13
932,188,7,243,7,387825,3,2.355046657022e-07,38.604928,45,16,29,0.64444444,69.0681,7
933,40,6,43,6,2184,3,2.356641896703e-07,23.066740,45,16,29,0.64444444,70.7008,7
934,46,7,247,6,61048,3,2.361946358159e-07,33.058247,45,19,26,0.57777778,69.7797,7
935,226,6,237,7,347967,3,2.367781042662e-07,38.279589,45,13,32,0.71111111,69.7797,13
936,229,6,240,7,358328,3,2.369039844083e-07,38.367612,45,12,33,0.73333333,69.7797,7
937,243,6,200,7,235169,3,2.370646038598e-07,37.104179,45,14,31,0.68888889,69.7797,7
938,130,7,187,7,205069,3,2.370965235617e-07,36.693305,45,16,29,0.64444444,69.0681,7
939,115,7,203,7,243693,3,2.371572056000e-07,37.210994,45,24,21,0.46666667,69.0681,7
940,208,5,171,6,29392,3,2.375209051309e-07,30.865433,45,10,35,0.77777778,69.7797,7
941,207,6,199,7,231691,3,2.377698948097e-07,37.059480,45,14,31,0.68888889,69.7797,7
942,83,5,187,5,6150,3,2.379535990482e-07,26.172622,45,15,30,0.66666667,68.9693,7
943,146,6,139,7,100406,3,2.382744770598e-07,34.550932,45,20,25,0.55555556,69.7797,13
944,224,6,235,7,341156,3,2.384888296043e-07,38.220285,45,18,27,0.60000000,69.7797,7
945,241,5,231,6,53456,3,2.386813833608e-07,32.659842,45,15,30,0.66666667,69.7797,7
946,106,7,125,7,85599,3,2.390393077653e-07,34.072287,45,14,31,0.68888889,69.0681,13
947,207,7,209,7,323019,3,2.406062138776e-07,38.056399,45,12,33,0.73333333,69.0681,7
948,83,7,190,7,207745,3,2.406941506214e-07,36.732200,45,22,23,0.51111111,69.0681,37
949,188,6,145,7,111650,3,2.410574156434e-07,34.869373,45,12,33,0.73333333,69.7797,13
950,218,6,229,6,63126,3,2.411781449783e-07,33.158664,45,19,26,0.57777778,70.7008,7
951,199,7,248,7,412240,3,2.412349284814e-07,38.788083,45,22,23,0.51111111,69.0681,19
952,155,7,242,7,370254,3,2.412836790217e-07,38.465834,45,13,32,0.71111111,69.0681,7
953,95,7,243,7,368652,3,2.416574570049e-07,38.452825,45,15,30,0.66666667,69.0681,7
954,96,7,239,7,354682,3,2.417741086176e-07,38.336931,45,11,34,0.75555556,69.0681,13
955,124,6,241,6,58438,3,2.422216355449e-07,32.927165,45,14,31,0.68888889,70.7008,7
956,225,6,152,7,126083,3,2.422432509891e-07,35.234087,45,15,30,0.66666667,69.7797,13
957,135,6,199,6,40848,3,2.426851628018e-07,31.852839,45,16,29,0.64444444,70.7008,7
958,119,6,80,7,2209,4,2.438541050923e-07,30.801181,95,43,52,0.54736842,135.2287,7
959,98,6,121,7,4417,4,2.438767546585e-07,33.572864,95,33,62,0.65263158,135.2287,3
960,122,7,245,7,376544,3,2.442577962867e-07,38.516371,45,16,29,0.64444444,69.0681,7
961,239,6,156,7,134530,3,2.444317135673e-07,35.428628,45,21,24,0.53333333,69.7797,7
962,221,5,198,6,39318,3,2.445026162527e-07,31.738313,45,16,29,0.64444444,69.7797,7
963,141,6,244,6,60266,3,2.446191527997e-07,33.019570,45,14,31,0.68888889,70.7008,7
964,122,7,139,7,111997,3,2.451682732325e-07,34.878682,45,18,27,0.60000000,69.0681,7
965,168,6,215,7,277019,3,2.452575351392e-07,37.595524,45,18,27,0.60000000,69.7797,7
966,121,6,161,7,141066,3,2.455863686456e-07,35.570949,45,13,32,0.71111111,69.7797,13
967,115,7,239,7,355187,3,2.456179531708e-07,38.341199,45,17,28,0.62222222,69.0681,7
968,61,7,186,6,35450,3,2.458301128138e-07,31.427636,45,18,27,0.60000000,69.7797,13
969,241,6,209,7,260192,3,2.462049594147e-07,37.407525,45,19,26,0.57777778,69.7797,37
970,165,6,142,7,105802,3,2.466998862929e-07,34.707974,45,11,34,0.75555556,69.7797,7
971,239,5,250,6,3956,4,2.471777486570e-07,33.131955,95,46,49,0.51578947,135.2287,5
972,81,7,244,6,61614,3,2.475624692374e-07,33.085933,45,11,34,0.75555556,69.7797,7
973,77,7,205,7,247882,3,2.476223525223e-07,37.262124,45,15,30,0.66666667,69.0681,7
974,219,5,103,7,49798,3,2.476453035053e-07,32.447190,45,19,26,0.57777778,69.7797,7
975,173,6,104,7,54107,3,2.480565699882e-07,32.696157,45,19,26,0.57777778,69.7797,37
976,37,6,249,5,9864,3,2.480994148039e-07,27.589941,45,14,31,0.68888889,69.7797,7
977,84,7,205,7,247955,3,2.482766058330e-07,37.263008,45,18,27,0.60000000,69.0681,7
978,145,7,234,7,341320,3,2.483589481601e-07,38.221727,45,21,24,0.53333333,69.0681,13
979,171,7,224,7,319361,3,2.485204890310e-07,38.022232,45,14,31,0.68888889,69.0681,7
980,199,6,167,7,154454,3,2.486046563105e-07,35.842955,45,17,28,0.62222222,69.7797,13
981,185,7,241,7,379454,3,2.489319298514e-07,38.539466,45,14,31,0.68888889,69.0681,13
982,155,6,129,7,84732,3,2.492633443533e-07,34.041746,45,18,27,0.60000000,69.7797,7
983,117,7,181,7,188186,3,2.503190693922e-07,36.435558,45,14,31,0.68888889,69.0681,7
984,171,7,206,7,271522,3,2.506438018850e-07,37.535395,45,13,32,0.71111111,69.0681,19
985,175,4,239,5,940,4,2.508155758542e-07,27.383520,95,32,63,0.66315789,135.2287,5
986,215,6,123,7,80656,3,2.509591508508e-07,33.893845,45,14,31,0.68888889,69.7797,7
987,151,7,178,7,195321,3,2.510328787616e-07,36.547199,45,10,35,0.77777778,69.0681,19
988,205,6,217,7,283278,3,2.516280249124e-07,37.662552,45,17,28,0.62222222,69.7797,13
989,237,6,182,7,189377,3,2.519413583967e-07,36.454485,45,14,31,0.68888889,69.7797,19
990,177,6,161,7,141527,3,2.520864303989e-07,35.580737,45,11,34,0.75555556,69.7797,13
991,247,5,122,7,73876,3,2.521670511987e-07,33.630430,45,19,26,0.57777778,69.7797,31
992,230,7,237,7,423670,3,2.521837846257e-07,38.870130,45,19,26,0.57777778,69.0681,7
993,135,7,242,7,366986,3,2.526070192369e-07,38.439237,45,17,28,0.62222222,69.0681,19
994,183,7,217,7,13109,4,2.530043424318e-07,37.924217,95,43,52,0.54736842,133.5002,11
995,163,7,198,7,246553,3,2.531613613957e-07,37.245997,45,11,34,0.75555556,69.0681,7
996,224,7,225,7,385949,3,2.536740734665e-07,38.590382,45,19,26,0.57777778,69.0681,13
997,77,7,104,7,52853,3,2.542369075971e-07,32.625809,45,15,30,0.66666667,69.0681,19
998,229,6,107,7,67298,3,2.546559882650e-07,33.350657,45,16,29,0.64444444,69.7797,7
999,161,4,151,5,4294,3,2.550311429638e-07,25.094922,45,18,27,0.60000000,69.7797,7
1000,109,7,195,7,221749,3,2.551338535979e-07,36.927904,45,12,33,0.73333333,69.0681,7
